Model Name,Single Task,Tasks,Sampling Mode,final_loss_train,final_loss_dev,final_loss_test,final_acc_dev,final_acc_test,SemEval_final_acc_dev_2_class,SemEval_final_acc_dev_3_class,SemEval_final_acc_dev_4_class,SemEval_final_acc_test_2_class,SemEval_final_acc_test_3_class,SemEval_final_acc_test_4_class,Sentihood_strict__aspect_acc_dev,Sentihood_strict_aspect_acc_test,Sentihood_Sentiment_AUC,Sentihood_Aspect_AUC,Precision,Recall,F1_Score,Done?,UniqueID
xlnet-base-cased,SST-2,SST-2,sequential,0.07036265655104912,0.2171047840799604,0.2171047840799604,0.9472477064220184,0.9472477064220184,,,,,,,,,,,,,,Yes,xlnet-base-cased|SST-2|sequential
bert-base-uncased,SST-2,SST-2,sequential,0.03197983887610978,0.2856444610016687,0.2856444610016687,0.9288990825688074,0.9288990825688074,,,,,,,,,,,,,,Yes,bert-base-uncased|SST-2|sequential
xlnet-base-cased,IMDB,IMDB,sequential,0.08331635745023103,0.36201502495928656,0.36201502495928656,0.903,0.9052,,,,,,,,,,,,,,Yes,xlnet-base-cased|IMDB|sequential
bert-base-uncased,IMDB,IMDB,sequential,0.030795793152036368,0.4738229982837846,0.4738229982837846,0.8845,0.8845,,,,,,,,,,,,,,Yes,bert-base-uncased|IMDB|sequential
xlnet-base-cased,SST-2,"SST-2, IMDB",sequential,0.046525666925914866,0.24362652003765106,0.24362652003765106,0.9357798165137616,0.9357798165137616,,,,,,,,,,,,,,Yes,"xlnet-base-cased|SST-2, IMDB|sequential"
xlnet-base-cased,IMDB,"SST-2, IMDB",sequential,0.00663155589916396,0.5674757648117935,0.5674757648117935,0.9023,0.90345,,,,,,,,,,,,,,Yes,"xlnet-base-cased|SST-2, IMDB|sequential"
bert-base-uncased,SST-2,"SST-2, IMDB",sequential,0.029179167478817783,0.24419685559613366,0.24419685559613366,0.93348623853211,0.93348623853211,,,,,,,,,,,,,,Yes,"bert-base-uncased|SST-2, IMDB|sequential"
bert-base-uncased,IMDB,"SST-2, IMDB",sequential,0.0035940968846631858,0.5773332350993459,0.5773332350993459,0.8948,0.8901,,,,,,,,,,,,,,Yes,"bert-base-uncased|SST-2, IMDB|sequential"
xlnet-base-cased,SST-2,"SST-2, IMDB",random,0.0474886037097713,0.22273928352764674,0.22273928352764674,0.9472477064220184,0.9472477064220184,,,,,,,,,,,,,,Yes,"xlnet-base-cased|SST-2, IMDB|random"
xlnet-base-cased,IMDB,"SST-2, IMDB",random,0.007148222875974807,0.5888271022446548,0.5888271022446548,0.9029,0.9045,,,,,,,,,,,,,,Yes,"xlnet-base-cased|SST-2, IMDB|random"
bert-base-uncased,SST-2,"SST-2, IMDB",random,0.028905120985391806,0.2354292358670916,0.2354292358670916,0.9311926605504588,0.9311926605504588,,,,,,,,,,,,,,Yes,"bert-base-uncased|SST-2, IMDB|random"
bert-base-uncased,IMDB,"SST-2, IMDB",random,0.0036628478147734678,0.5865342334101472,0.5865342334101472,0.8918,0.88765,,,,,,,,,,,,,,Yes,"bert-base-uncased|SST-2, IMDB|random"
xlnet-base-cased,SST-2,SST-2,sequential,0.07036265655104912,0.2171047840799604,0.2171047840799604,0.9472477064220184,0.9472477064220184,,,,,,,,,,,,,,Yes,xlnet-base-cased|SST-2|sequential
bert-base-uncased,SST-2,SST-2,sequential,0.03197983887610978,0.2856444610016687,0.2856444610016687,0.9288990825688074,0.9288990825688074,,,,,,,,,,,,,,Yes,bert-base-uncased|SST-2|sequential
xlnet-base-cased,NER,NER,sequential,0.03928184194896275,0.045826271785279885,0.045826271785279885,0.9083076923076924,0.857804807413843,,,,,,,,,,,,,,Yes,xlnet-base-cased|NER|sequential
bert-base-uncased,NER,NER,sequential,0.01197245457750928,0.0459313619738588,0.0459313619738588,0.9255384615384616,0.8711265566174341,,,,,,,,,,,,,,Yes,bert-base-uncased|NER|sequential
xlnet-base-cased,SemEval_QA_B,SemEval_QA_B,sequential,0.031089998079902325,0.15099874538351682,0.15099874538351682,0.9235,0.9235,0.944254835039818,0.894141829393628,0.8565853658536585,0.944254835039818,0.894141829393628,0.8565853658536585,,,,,0.9233097880928356,0.8926829268292683,0.9077380952380952,Yes,xlnet-base-cased|SemEval_QA_B|sequential
bert-base-uncased,SemEval_QA_B,SemEval_QA_B,sequential,0.008626975167050318,0.15464068025611574,0.15464068025611574,0.9265,0.9265,0.9476678043230944,0.9013360739979444,0.8575609756097561,0.9476678043230944,0.9013360739979444,0.8575609756097561,,,,,0.9285714285714286,0.9004878048780488,0.9143140168400198,Yes,bert-base-uncased|SemEval_QA_B|sequential
xlnet-base-cased,Sentihood_QA_B,Sentihood_QA_B,sequential,0.03640847237027838,0.16080326833550565,0.16080326833550565,0.9278688524590164,0.935032894736842,,,,,,,,0.8324439701173959,0.950332945208982,0.9757193606562736,0.9540636042402828,0.8852459016393442,0.9183673469387756,Yes,xlnet-base-cased|Sentihood_QA_B|sequential
bert-base-uncased,Sentihood_QA_B,Sentihood_QA_B,sequential,0.02057322171581068,0.16439011315709318,0.16439011315709318,0.9360655737704918,0.9300986842105264,,,,,,,,0.8495197438633938,0.9620349146670736,0.9753258611283564,0.9650735294117648,0.860655737704918,0.9098786828422876,Yes,bert-base-uncased|Sentihood_QA_B|sequential
xlnet-base-cased,SST-2,"SST-2, NER",sequential,0.04728554858062861,0.2083309143781662,0.2083309143781662,0.9483944954128442,0.9483944954128442,,,,,,,,,,,,,,Yes,"xlnet-base-cased|SST-2, NER|sequential"
xlnet-base-cased,NER,"SST-2, NER",sequential,0.004852911212382051,0.04629954843165671,0.04629954843165671,0.936923076923077,0.8751810020272227,,,,,,,,,,,,,,Yes,"xlnet-base-cased|SST-2, NER|sequential"
bert-base-uncased,SST-2,"SST-2, NER",sequential,0.02972354491551145,0.2580559764589582,0.2580559764589582,0.9300458715596329,0.9300458715596329,,,,,,,,,,,,,,Yes,"bert-base-uncased|SST-2, NER|sequential"
bert-base-uncased,NER,"SST-2, NER",sequential,0.0027887750838935265,0.05837727896869184,0.05837727896869184,0.9243076923076924,0.8702577468867652,,,,,,,,,,,,,,Yes,"bert-base-uncased|SST-2, NER|sequential"
xlnet-base-cased,SST-2,"SST-2, NER",random,0.04744156517156525,0.20355498577867234,0.20355498577867234,0.94151376146789,0.94151376146789,,,,,,,,,,,,,,Yes,"xlnet-base-cased|SST-2, NER|random"
xlnet-base-cased,NER,"SST-2, NER",random,0.0048769261117272275,0.04723879697040992,0.04723879697040992,0.932923076923077,0.8809730668983493,,,,,,,,,,,,,,Yes,"xlnet-base-cased|SST-2, NER|random"
bert-base-uncased,SST-2,"SST-2, NER",random,0.029752833043730182,0.2659976141793387,0.2659976141793387,0.9288990825688074,0.9288990825688074,,,,,,,,,,,,,,Yes,"bert-base-uncased|SST-2, NER|random"
bert-base-uncased,NER,"SST-2, NER",random,0.0028934772268162322,0.05527005398359437,0.05527005398359437,0.9255384615384616,0.8685201274254272,,,,,,,,,,,,,,Yes,"bert-base-uncased|SST-2, NER|random"
xlnet-base-cased,SST-2,"SST-2, SemEval_QA_B",sequential,0.028829741063677156,0.2897956988641194,0.2897956988641194,0.93348623853211,0.93348623853211,,,,,,,,,,,,,,Yes,"xlnet-base-cased|SST-2, SemEval_QA_B|sequential"
xlnet-base-cased,SemEval_QA_B,"SST-2, SemEval_QA_B",sequential,0.020355771884999742,0.14302182372564534,0.14302182372564534,0.92425,0.92425,0.9544937428896472,0.8982528263103803,0.864390243902439,0.9544937428896472,0.8982528263103803,0.864390243902439,,,,,0.9110671936758892,0.8995121951219512,0.905252822778596,Yes,"xlnet-base-cased|SST-2, SemEval_QA_B|sequential"
bert-base-uncased,SST-2,"SST-2, SemEval_QA_B",sequential,0.014996164779260253,0.3039214142731258,0.3039214142731258,0.9208715596330276,0.9208715596330276,,,,,,,,,,,,,,Yes,"bert-base-uncased|SST-2, SemEval_QA_B|sequential"
bert-base-uncased,SemEval_QA_B,"SST-2, SemEval_QA_B",sequential,0.007660988716615692,0.13605069092943506,0.13605069092943506,0.92825,0.92825,0.9544937428896472,0.8961973278520041,0.864390243902439,0.9544937428896472,0.8961973278520041,0.864390243902439,,,,,0.925925925925926,0.902439024390244,0.9140316205533596,Yes,"bert-base-uncased|SST-2, SemEval_QA_B|sequential"
xlnet-base-cased,SST-2,"SST-2, SemEval_QA_B",random,0.02789321782872256,0.21510655113628926,0.21510655113628926,0.9426605504587156,0.9426605504587156,,,,,,,,,,,,,,Yes,"xlnet-base-cased|SST-2, SemEval_QA_B|random"
xlnet-base-cased,SemEval_QA_B,"SST-2, SemEval_QA_B",random,0.01821956004090446,0.13633086683323525,0.13633086683323525,0.927,0.927,0.9533560864618884,0.9003083247687564,0.8634146341463415,0.9533560864618884,0.9003083247687564,0.8634146341463415,,,,,0.9262626262626262,0.8946341463414634,0.9101736972704716,Yes,"xlnet-base-cased|SST-2, SemEval_QA_B|random"
bert-base-uncased,SST-2,"SST-2, SemEval_QA_B",random,0.014094007409650666,0.2950843764202936,0.2950843764202936,0.9288990825688074,0.9288990825688074,,,,,,,,,,,,,,Yes,"bert-base-uncased|SST-2, SemEval_QA_B|random"
bert-base-uncased,SemEval_QA_B,"SST-2, SemEval_QA_B",random,0.008391726907738624,0.1284077639578824,0.1284077639578824,0.9295,0.9295,0.9476678043230944,0.8951695786228159,0.8585365853658536,0.9476678043230944,0.8951695786228159,0.8585365853658536,,,,,0.9288537549407114,0.9170731707317074,0.9229258713794796,Yes,"bert-base-uncased|SST-2, SemEval_QA_B|random"
xlnet-base-cased,SST-2,"SST-2, SemEval_QA_B",prop,0.025581547318243632,0.25548878312110895,0.25548878312110895,0.9392201834862384,0.9392201834862384,,,,,,,,,,,,,,Yes,"xlnet-base-cased|SST-2, SemEval_QA_B|prop"
xlnet-base-cased,SemEval_QA_B,"SST-2, SemEval_QA_B",prop,0.011328277113167392,0.1721849301918914,0.1721849301918914,0.9309999999999999,0.9309999999999999,0.9579067121729238,0.9126413155190134,0.8751219512195122,0.9579067121729238,0.9126413155190134,0.8751219512195122,,,,,0.9241516966067864,0.9034146341463416,0.9136655155402073,Yes,"xlnet-base-cased|SST-2, SemEval_QA_B|prop"
bert-base-uncased,SST-2,"SST-2, SemEval_QA_B",prop,0.01563637409061332,0.2610979293073927,0.2610979293073927,0.9266055045871558,0.9266055045871558,,,,,,,,,,,,,,Yes,"bert-base-uncased|SST-2, SemEval_QA_B|prop"
bert-base-uncased,SemEval_QA_B,"SST-2, SemEval_QA_B",prop,0.00542435336113946,0.1587776484792447,0.1587776484792447,0.93125,0.93125,0.9590443686006824,0.8961973278520041,0.8624390243902439,0.9590443686006824,0.8961973278520041,0.8624390243902439,,,,,0.9380710659898476,0.9014634146341464,0.9194029850746268,Yes,"bert-base-uncased|SST-2, SemEval_QA_B|prop"
xlnet-base-cased,SST-2,"SST-2, SemEval_QA_B",sqrt,0.02727799093888651,0.25953628761427744,0.25953628761427744,0.93348623853211,0.93348623853211,,,,,,,,,,,,,,Yes,"xlnet-base-cased|SST-2, SemEval_QA_B|sqrt"
xlnet-base-cased,SemEval_QA_B,"SST-2, SemEval_QA_B",sqrt,0.014336696623181974,0.1482419986055369,0.1482419986055369,0.93225,0.93225,0.949943117178612,0.8972250770811921,0.8624390243902439,0.949943117178612,0.8972250770811921,0.8624390243902439,,,,,0.9330628803245437,0.8975609756097561,0.9149676777722526,Yes,"xlnet-base-cased|SST-2, SemEval_QA_B|sqrt"
bert-base-uncased,SST-2,"SST-2, SemEval_QA_B",sqrt,0.015878088028603226,0.2889558012996401,0.2889558012996401,0.9231651376146788,0.9231651376146788,,,,,,,,,,,,,,Yes,"bert-base-uncased|SST-2, SemEval_QA_B|sqrt"
bert-base-uncased,SemEval_QA_B,"SST-2, SemEval_QA_B",sqrt,0.00705449505045445,0.14207922919374552,0.14207922919374552,0.9265,0.9265,0.9453924914675768,0.8900308324768756,0.8526829268292683,0.9453924914675768,0.8900308324768756,0.8526829268292683,,,,,0.9214145383104124,0.9151219512195122,0.9182574645129712,Yes,"bert-base-uncased|SST-2, SemEval_QA_B|sqrt"
xlnet-base-cased,SST-2,"SST-2, SemEval_QA_B",square,0.020758242614430784,0.21590936396803176,0.21590936396803176,0.9403669724770642,0.9403669724770642,,,,,,,,,,,,,,Yes,"xlnet-base-cased|SST-2, SemEval_QA_B|square"
xlnet-base-cased,SemEval_QA_B,"SST-2, SemEval_QA_B",square,0.011228222581316996,0.19012686564100634,0.19012686564100634,0.9255,0.9255,0.9579067121729238,0.9013360739979444,0.864390243902439,0.9579067121729238,0.9013360739979444,0.864390243902439,,,,,0.924949290060852,0.8897560975609756,0.907011437095972,Yes,"xlnet-base-cased|SST-2, SemEval_QA_B|square"
bert-base-uncased,SST-2,"SST-2, SemEval_QA_B",square,0.014348701314705534,0.2244540240083422,0.2244540240083422,0.9300458715596329,0.9300458715596329,,,,,,,,,,,,,,Yes,"bert-base-uncased|SST-2, SemEval_QA_B|square"
bert-base-uncased,SemEval_QA_B,"SST-2, SemEval_QA_B",square,0.0039182661420487696,0.1706154962295702,0.1706154962295702,0.92775,0.92775,0.955631399317406,0.8920863309352518,0.8595121951219512,0.955631399317406,0.8920863309352518,0.8595121951219512,,,,,0.9290709290709291,0.9073170731707316,0.9180651530108588,Yes,"bert-base-uncased|SST-2, SemEval_QA_B|square"
xlnet-base-cased,SST-2,"SST-2, SemEval_QA_B",anneal,0.03183114420312042,0.279522289122854,0.279522289122854,0.9300458715596329,0.9300458715596329,,,,,,,,,,,,,,Yes,"xlnet-base-cased|SST-2, SemEval_QA_B|anneal"
xlnet-base-cased,SemEval_QA_B,"SST-2, SemEval_QA_B",anneal,0.011552250765327642,0.1618349987325395,0.1618349987325395,0.92975,0.92975,0.9544937428896472,0.8920863309352518,0.855609756097561,0.9544937428896472,0.8920863309352518,0.855609756097561,,,,,0.9361483007209064,0.8868292682926829,0.9108216432865732,Yes,"xlnet-base-cased|SST-2, SemEval_QA_B|anneal"
bert-base-uncased,SST-2,"SST-2, SemEval_QA_B",anneal,0.01944683058356934,0.2563381386654718,0.2563381386654718,0.9254587155963304,0.9254587155963304,,,,,,,,,,,,,,Yes,"bert-base-uncased|SST-2, SemEval_QA_B|anneal"
bert-base-uncased,SemEval_QA_B,"SST-2, SemEval_QA_B",anneal,0.005035444494657078,0.14916621840404715,0.14916621840404715,0.9309999999999999,0.9309999999999999,0.9567690557451648,0.9023638232271326,0.864390243902439,0.9567690557451648,0.9023638232271326,0.864390243902439,,,,,0.9312063808574276,0.9112195121951221,0.921104536489152,Yes,"bert-base-uncased|SST-2, SemEval_QA_B|anneal"
xlnet-base-cased,SST-2,"SST-2, Sentihood_QA_B",sequential,0.037677409797600536,0.2142264129860061,0.2142264129860061,0.9438073394495412,0.9438073394495412,,,,,,,,,,,,,,Yes,"xlnet-base-cased|SST-2, Sentihood_QA_B|sequential"
xlnet-base-cased,Sentihood_QA_B,"SST-2, Sentihood_QA_B",sequential,0.012164150267363564,0.17979095780967988,0.17979095780967988,0.9475409836065574,0.9440789473684208,,,,,,,,0.8527214514407684,0.9704622058380972,0.9772714411227892,0.950354609929078,0.8786885245901639,0.9131175468483816,Yes,"xlnet-base-cased|SST-2, Sentihood_QA_B|sequential"
bert-base-uncased,SST-2,"SST-2, Sentihood_QA_B",sequential,0.02089980169437757,0.2576230743101665,0.2576230743101665,0.9323394495412844,0.9323394495412844,,,,,,,,,,,,,,Yes,"bert-base-uncased|SST-2, Sentihood_QA_B|sequential"
bert-base-uncased,Sentihood_QA_B,"SST-2, Sentihood_QA_B",sequential,0.006489687696464814,0.19664333957586105,0.19664333957586105,0.919672131147541,0.9309210526315792,,,,,,,,0.8377801494130203,0.9633251464003848,0.971228746365998,0.96309963099631,0.8557377049180328,0.90625,Yes,"bert-base-uncased|SST-2, Sentihood_QA_B|sequential"
xlnet-base-cased,SST-2,"SST-2, Sentihood_QA_B",random,0.03700430413792331,0.2291946304695947,0.2291946304695947,0.9403669724770642,0.9403669724770642,,,,,,,,,,,,,,Yes,"xlnet-base-cased|SST-2, Sentihood_QA_B|random"
xlnet-base-cased,Sentihood_QA_B,"SST-2, Sentihood_QA_B",random,0.0119349028702321,0.17695896547361786,0.17695896547361786,0.939344262295082,0.9416118421052632,,,,,,,,0.8591248665955176,0.9640568499785592,0.978002073594761,0.9575971731448764,0.8885245901639345,0.9217687074829932,Yes,"xlnet-base-cased|SST-2, Sentihood_QA_B|random"
bert-base-uncased,SST-2,"SST-2, Sentihood_QA_B",random,0.02031947927405417,0.275289597255843,0.275289597255843,0.9311926605504588,0.9311926605504588,,,,,,,,,,,,,,Yes,"bert-base-uncased|SST-2, Sentihood_QA_B|random"
bert-base-uncased,Sentihood_QA_B,"SST-2, Sentihood_QA_B",random,0.006001017087893253,0.1869622906511226,0.1869622906511226,0.9295081967213116,0.935032894736842,,,,,,,,0.8537886872998933,0.9557199683025878,0.9663140778963748,0.9649446494464944,0.8573770491803279,0.9079861111111112,Yes,"bert-base-uncased|SST-2, Sentihood_QA_B|random"
xlnet-base-cased,SST-2,"SST-2, Sentihood_QA_B",prop,0.03131320243035966,0.19888692455632345,0.19888692455632345,0.9449541284403672,0.9449541284403672,,,,,,,,,,,,,,Yes,"xlnet-base-cased|SST-2, Sentihood_QA_B|prop"
xlnet-base-cased,Sentihood_QA_B,"SST-2, Sentihood_QA_B",prop,0.008896759395136155,0.20602719400035727,0.20602719400035727,0.9491803278688524,0.9366776315789472,,,,,,,,0.8762006403415155,0.9662884872242572,0.9762706478455708,0.9646643109540636,0.8950819672131147,0.9285714285714284,Yes,"xlnet-base-cased|SST-2, Sentihood_QA_B|prop"
bert-base-uncased,SST-2,"SST-2, Sentihood_QA_B",prop,0.022444356347879595,0.2359771707228252,0.2359771707228252,0.9277522935779816,0.9277522935779816,,,,,,,,,,,,,,Yes,"bert-base-uncased|SST-2, Sentihood_QA_B|prop"
bert-base-uncased,Sentihood_QA_B,"SST-2, Sentihood_QA_B",prop,0.003489843134269825,0.2003496502266816,0.2003496502266816,0.939344262295082,0.9375,,,,,,,,0.8697972251867663,0.9630748531152572,0.9727405727950642,0.9635036496350364,0.8655737704918033,0.911917098445596,Yes,"bert-base-uncased|SST-2, Sentihood_QA_B|prop"
xlnet-base-cased,SST-2,"SST-2, Sentihood_QA_B",sqrt,0.032223362066514084,0.2155402856213706,0.2155402856213706,0.9426605504587156,0.9426605504587156,,,,,,,,,,,,,,Yes,"xlnet-base-cased|SST-2, Sentihood_QA_B|sqrt"
xlnet-base-cased,Sentihood_QA_B,"SST-2, Sentihood_QA_B",sqrt,0.00902459527121968,0.19463766788248904,0.19463766788248904,0.9377049180327868,0.9407894736842104,,,,,,,,0.8697972251867663,0.9667568107938486,0.9780233290597132,0.9587813620071683,0.8770491803278688,0.9160958904109588,Yes,"xlnet-base-cased|SST-2, Sentihood_QA_B|sqrt"
bert-base-uncased,SST-2,"SST-2, Sentihood_QA_B",sqrt,0.01950613692325163,0.2532221036297934,0.2532221036297934,0.9300458715596328,0.9300458715596328,,,,,,,,,,,,,,Yes,"bert-base-uncased|SST-2, Sentihood_QA_B|sqrt"
bert-base-uncased,Sentihood_QA_B,"SST-2, Sentihood_QA_B",sqrt,0.005513214479920965,0.2078920560888946,0.2078920560888946,0.9377049180327868,0.9300986842105264,,,,,,,,0.8527214514407684,0.9621414300487692,0.9659811896465648,0.9579524680073126,0.8590163934426229,0.905790838375108,Yes,"bert-base-uncased|SST-2, Sentihood_QA_B|sqrt"
xlnet-base-cased,SST-2,"SST-2, Sentihood_QA_B",square,0.026087291143271255,0.2174943153347288,0.2174943153347288,0.9426605504587156,0.9426605504587156,,,,,,,,,,,,,,Yes,"xlnet-base-cased|SST-2, Sentihood_QA_B|square"
xlnet-base-cased,Sentihood_QA_B,"SST-2, Sentihood_QA_B",square,0.009355981944641812,0.24389164919160644,0.24389164919160644,0.9360655737704918,0.9440789473684208,,,,,,,,0.8495197438633938,0.9578142088426064,0.9735301531347692,0.955595026642984,0.8819672131147541,0.9173060528559248,Yes,"xlnet-base-cased|SST-2, Sentihood_QA_B|square"
bert-base-uncased,SST-2,"SST-2, Sentihood_QA_B",square,0.017361936792480652,0.2337539345026016,0.2337539345026016,0.9323394495412844,0.9323394495412844,,,,,,,,,,,,,,Yes,"bert-base-uncased|SST-2, Sentihood_QA_B|square"
bert-base-uncased,Sentihood_QA_B,"SST-2, Sentihood_QA_B",square,0.0031409977639504463,0.2233553359189748,0.2233553359189748,0.918032786885246,0.9416118421052632,,,,,,,,0.8612593383137673,0.959857062674292,0.972458695073124,0.9668508287292816,0.860655737704918,0.9106678230702516,Yes,"bert-base-uncased|SST-2, Sentihood_QA_B|square"
xlnet-base-cased,SST-2,"SST-2, Sentihood_QA_B",anneal,0.0379210303686038,0.2201824103082929,0.2201824103082929,0.9369266055045872,0.9369266055045872,,,,,,,,,,,,,,Yes,"xlnet-base-cased|SST-2, Sentihood_QA_B|anneal"
xlnet-base-cased,Sentihood_QA_B,"SST-2, Sentihood_QA_B",anneal,0.009869343573430915,0.215025886120698,0.215025886120698,0.939344262295082,0.9383223684210528,,,,,,,,0.855923159018143,0.9702865859994044,0.972520693868905,0.9607142857142856,0.8819672131147541,0.9196581196581196,Yes,"xlnet-base-cased|SST-2, Sentihood_QA_B|anneal"
bert-base-uncased,SST-2,"SST-2, Sentihood_QA_B",anneal,0.0238086118088266,0.2750456780195236,0.2750456780195236,0.9231651376146788,0.9231651376146788,,,,,,,,,,,,,,Yes,"bert-base-uncased|SST-2, Sentihood_QA_B|anneal"
bert-base-uncased,Sentihood_QA_B,"SST-2, Sentihood_QA_B",anneal,0.003309560840289539,0.1996004689294337,0.1996004689294337,0.9409836065573772,0.9383223684210528,,,,,,,,0.8665955176093917,0.9643601421179002,0.9739875845238148,0.9657039711191336,0.8770491803278688,0.9192439862542956,Yes,"bert-base-uncased|SST-2, Sentihood_QA_B|anneal"
xlnet-base-cased,SST-2,"SST-2, NER, SemEval_QA_B",sequential,0.024542974393626186,0.2316528665167945,0.2316528665167945,0.94151376146789,0.94151376146789,,,,,,,,,,,,,,Yes,"xlnet-base-cased|SST-2, NER, SemEval_QA_B|sequential"
xlnet-base-cased,NER,"SST-2, NER, SemEval_QA_B",sequential,0.02023614602244461,0.20657714599600205,0.20657714599600205,0.676923076923077,0.7046046915725456,,,,,,,,,,,,,,Yes,"xlnet-base-cased|SST-2, NER, SemEval_QA_B|sequential"
xlnet-base-cased,SemEval_QA_B,"SST-2, NER, SemEval_QA_B",sequential,0.02043026996277252,0.11743374868254562,0.11743374868254562,0.922,0.922,0.9579067121729238,0.9023638232271326,0.8663414634146341,0.9579067121729238,0.9023638232271326,0.8663414634146341,,,,,0.90205680705191,0.8985365853658537,0.9002932551319648,Yes,"xlnet-base-cased|SST-2, NER, SemEval_QA_B|sequential"
bert-base-uncased,SST-2,"SST-2, NER, SemEval_QA_B",sequential,0.015343802928938327,0.2392025887966156,0.2392025887966156,0.9311926605504588,0.9311926605504588,,,,,,,,,,,,,,Yes,"bert-base-uncased|SST-2, NER, SemEval_QA_B|sequential"
bert-base-uncased,NER,"SST-2, NER, SemEval_QA_B",sequential,0.012337072854283976,0.24844269167918426,0.24844269167918426,0.6609230769230771,0.6666666666666666,,,,,,,,,,,,,,Yes,"bert-base-uncased|SST-2, NER, SemEval_QA_B|sequential"
bert-base-uncased,SemEval_QA_B,"SST-2, NER, SemEval_QA_B",sequential,0.0107725406947675,0.11657217556942895,0.11657217556942895,0.924,0.924,0.9476678043230944,0.8807810894141831,0.8478048780487805,0.9476678043230944,0.8807810894141831,0.8478048780487805,,,,,0.9247743229689068,0.8995121951219512,0.9119683481701284,Yes,"bert-base-uncased|SST-2, NER, SemEval_QA_B|sequential"
xlnet-base-cased,SST-2,"SST-2, NER, SemEval_QA_B",random,0.02424129705691749,0.2507798373699188,0.2507798373699188,0.9369266055045872,0.9369266055045872,,,,,,,,,,,,,,Yes,"xlnet-base-cased|SST-2, NER, SemEval_QA_B|random"
xlnet-base-cased,NER,"SST-2, NER, SemEval_QA_B",random,0.0196941090379308,0.2093402729011499,0.2093402729011499,0.6772307692307692,0.702287865624095,,,,,,,,,,,,,,Yes,"xlnet-base-cased|SST-2, NER, SemEval_QA_B|random"
xlnet-base-cased,SemEval_QA_B,"SST-2, NER, SemEval_QA_B",random,0.01968047632530131,0.1146992217262934,0.1146992217262934,0.9245,0.9245,0.9544937428896472,0.8992805755395683,0.8702439024390244,0.9544937428896472,0.8992805755395683,0.8702439024390244,,,,,0.907920792079208,0.8946341463414634,0.9012285012285012,Yes,"xlnet-base-cased|SST-2, NER, SemEval_QA_B|random"
bert-base-uncased,SST-2,"SST-2, NER, SemEval_QA_B",random,0.015240059591014337,0.2860334941319057,0.2860334941319057,0.9162844036697247,0.9162844036697247,,,,,,,,,,,,,,Yes,"bert-base-uncased|SST-2, NER, SemEval_QA_B|random"
bert-base-uncased,NER,"SST-2, NER, SemEval_QA_B",random,0.012686514713753472,0.2481294798736389,0.2481294798736389,0.6633846153846154,0.6718795250506806,,,,,,,,,,,,,,Yes,"bert-base-uncased|SST-2, NER, SemEval_QA_B|random"
bert-base-uncased,SemEval_QA_B,"SST-2, NER, SemEval_QA_B",random,0.010978051892882722,0.11427575417135835,0.11427575417135835,0.927,0.927,0.944254835039818,0.8715313463514902,0.8409756097560975,0.944254835039818,0.8715313463514902,0.8409756097560975,,,,,0.9378185524974516,0.8975609756097561,0.9172482552342972,Yes,"bert-base-uncased|SST-2, NER, SemEval_QA_B|random"
xlnet-base-cased,SST-2,"SST-2, NER, SemEval_QA_B",prop,0.021580969906242888,0.20264125296047755,0.20264125296047755,0.94151376146789,0.94151376146789,,,,,,,,,,,,,,Yes,"xlnet-base-cased|SST-2, NER, SemEval_QA_B|prop"
xlnet-base-cased,NER,"SST-2, NER, SemEval_QA_B",prop,0.02010182749318,0.19237334453142607,0.19237334453142607,0.6713846153846154,0.6918621488560672,,,,,,,,,,,,,,Yes,"xlnet-base-cased|SST-2, NER, SemEval_QA_B|prop"
xlnet-base-cased,SemEval_QA_B,"SST-2, NER, SemEval_QA_B",prop,0.01633285342828459,0.13565334334827153,0.13565334334827153,0.9325,0.9325,0.9590443686006824,0.9013360739979444,0.8721951219512195,0.9590443686006824,0.9013360739979444,0.8721951219512195,,,,,0.9269269269269268,0.9034146341463416,0.9150197628458496,Yes,"xlnet-base-cased|SST-2, NER, SemEval_QA_B|prop"
bert-base-uncased,SST-2,"SST-2, NER, SemEval_QA_B",prop,0.015592310739746694,0.2466040083340236,0.2466040083340236,0.9220183486238532,0.9220183486238532,,,,,,,,,,,,,,Yes,"bert-base-uncased|SST-2, NER, SemEval_QA_B|prop"
bert-base-uncased,NER,"SST-2, NER, SemEval_QA_B",prop,0.014473675085269698,0.22294098282089606,0.22294098282089606,0.6572307692307693,0.6655082536924414,,,,,,,,,,,,,,Yes,"bert-base-uncased|SST-2, NER, SemEval_QA_B|prop"
bert-base-uncased,SemEval_QA_B,"SST-2, NER, SemEval_QA_B",prop,0.006678482014895921,0.14797849793455736,0.14797849793455736,0.9275,0.9275,0.9522184300341296,0.8951695786228159,0.8653658536585366,0.9522184300341296,0.8951695786228159,0.8653658536585366,,,,,0.9241516966067864,0.9034146341463416,0.9136655155402073,Yes,"bert-base-uncased|SST-2, NER, SemEval_QA_B|prop"
xlnet-base-cased,SST-2,"SST-2, NER, SemEval_QA_B",sqrt,0.023296295640402847,0.2459118110792977,0.2459118110792977,0.9369266055045872,0.9369266055045872,,,,,,,,,,,,,,Yes,"xlnet-base-cased|SST-2, NER, SemEval_QA_B|sqrt"
xlnet-base-cased,NER,"SST-2, NER, SemEval_QA_B",sqrt,0.02020638131956859,0.2015987422603827,0.2015987422603827,0.6713846153846154,0.6982334202143065,,,,,,,,,,,,,,Yes,"xlnet-base-cased|SST-2, NER, SemEval_QA_B|sqrt"
xlnet-base-cased,SemEval_QA_B,"SST-2, NER, SemEval_QA_B",sqrt,0.019573545552883587,0.1221139285161759,0.1221139285161759,0.92275,0.92275,0.9488054607508531,0.8920863309352518,0.8575609756097561,0.9488054607508531,0.8920863309352518,0.8575609756097561,,,,,0.9031007751937984,0.9092682926829267,0.9061740398638792,Yes,"xlnet-base-cased|SST-2, NER, SemEval_QA_B|sqrt"
bert-base-uncased,SST-2,"SST-2, NER, SemEval_QA_B",sqrt,0.013740765971494744,0.2560917564800808,0.2560917564800808,0.9243119266055044,0.9243119266055044,,,,,,,,,,,,,,Yes,"bert-base-uncased|SST-2, NER, SemEval_QA_B|sqrt"
bert-base-uncased,NER,"SST-2, NER, SemEval_QA_B",sqrt,0.013374347001437923,0.2378418038670833,0.2378418038670833,0.6612307692307692,0.6640602374746597,,,,,,,,,,,,,,Yes,"bert-base-uncased|SST-2, NER, SemEval_QA_B|sqrt"
bert-base-uncased,SemEval_QA_B,"SST-2, NER, SemEval_QA_B",sqrt,0.00885559976890362,0.1253529926643345,0.1253529926643345,0.9315,0.9315,0.9624573378839592,0.8900308324768756,0.864390243902439,0.9624573378839592,0.8900308324768756,0.864390243902439,,,,,0.9363636363636364,0.904390243902439,0.9200992555831266,Yes,"bert-base-uncased|SST-2, NER, SemEval_QA_B|sqrt"
xlnet-base-cased,SST-2,"SST-2, NER, SemEval_QA_B",square,0.01910651113508829,0.2328628322907857,0.2328628322907857,0.93348623853211,0.93348623853211,,,,,,,,,,,,,,Yes,"xlnet-base-cased|SST-2, NER, SemEval_QA_B|square"
xlnet-base-cased,NER,"SST-2, NER, SemEval_QA_B",square,0.017846521644769887,0.18942216239296472,0.18942216239296472,0.6621538461538462,0.6788300028960325,,,,,,,,,,,,,,Yes,"xlnet-base-cased|SST-2, NER, SemEval_QA_B|square"
xlnet-base-cased,SemEval_QA_B,"SST-2, NER, SemEval_QA_B",square,0.011684424130379312,0.16445303055944194,0.16445303055944194,0.92775,0.92775,0.9658703071672357,0.920863309352518,0.8839024390243903,0.9658703071672357,0.920863309352518,0.8839024390243903,,,,,0.9083743842364532,0.8995121951219512,0.9039215686274508,Yes,"xlnet-base-cased|SST-2, NER, SemEval_QA_B|square"
bert-base-uncased,SST-2,"SST-2, NER, SemEval_QA_B",square,0.01357905138364866,0.2351451771599906,0.2351451771599906,0.9231651376146788,0.9231651376146788,,,,,,,,,,,,,,Yes,"bert-base-uncased|SST-2, NER, SemEval_QA_B|square"
bert-base-uncased,NER,"SST-2, NER, SemEval_QA_B",square,0.015396536069521063,0.20500663152107826,0.20500663152107826,0.644,0.6585577758470895,,,,,,,,,,,,,,Yes,"bert-base-uncased|SST-2, NER, SemEval_QA_B|square"
bert-base-uncased,SemEval_QA_B,"SST-2, NER, SemEval_QA_B",square,0.004344966337682547,0.16763589372947385,0.16763589372947385,0.92925,0.92925,0.9556313993174058,0.8910585817060637,0.8634146341463415,0.9556313993174058,0.8910585817060637,0.8634146341463415,,,,,0.9313824419778002,0.9004878048780488,0.9156746031746033,Yes,"bert-base-uncased|SST-2, NER, SemEval_QA_B|square"
xlnet-base-cased,SST-2,"SST-2, NER, SemEval_QA_B",anneal,0.025066456147307785,0.21222545206546786,0.21222545206546786,0.9403669724770642,0.9403669724770642,,,,,,,,,,,,,,Yes,"xlnet-base-cased|SST-2, NER, SemEval_QA_B|anneal"
xlnet-base-cased,NER,"SST-2, NER, SemEval_QA_B",anneal,0.02284322826412337,0.1972984608549338,0.1972984608549338,0.6723076923076923,0.6993918331885317,,,,,,,,,,,,,,Yes,"xlnet-base-cased|SST-2, NER, SemEval_QA_B|anneal"
xlnet-base-cased,SemEval_QA_B,"SST-2, NER, SemEval_QA_B",anneal,0.01450075287494924,0.13253469318359093,0.13253469318359093,0.92875,0.92875,0.9624573378839592,0.9085303186022612,0.88,0.9624573378839592,0.9085303186022612,0.88,,,,,0.9105211406096362,0.9034146341463416,0.9069539666993144,Yes,"xlnet-base-cased|SST-2, NER, SemEval_QA_B|anneal"
bert-base-uncased,SST-2,"SST-2, NER, SemEval_QA_B",anneal,0.016966253952652968,0.2461239035640444,0.2461239035640444,0.9300458715596328,0.9300458715596328,,,,,,,,,,,,,,Yes,"bert-base-uncased|SST-2, NER, SemEval_QA_B|anneal"
bert-base-uncased,NER,"SST-2, NER, SemEval_QA_B",anneal,0.015818467154302424,0.22970488495551625,0.22970488495551625,0.6569230769230769,0.6640602374746597,,,,,,,,,,,,,,Yes,"bert-base-uncased|SST-2, NER, SemEval_QA_B|anneal"
bert-base-uncased,SemEval_QA_B,"SST-2, NER, SemEval_QA_B",anneal,0.0071612578417658565,0.13574585718678156,0.13574585718678156,0.927,0.927,0.944254835039818,0.894141829393628,0.8575609756097561,0.944254835039818,0.894141829393628,0.8575609756097561,,,,,0.9278557114228456,0.9034146341463416,0.9154720711814138,Yes,"bert-base-uncased|SST-2, NER, SemEval_QA_B|anneal"
xlnet-base-cased,SST-2,"SST-2, NER, Sentihood_QA_B",sequential,0.02931428381936946,0.22242272325924464,0.22242272325924464,0.9392201834862384,0.9392201834862384,,,,,,,,,,,,,,Yes,"xlnet-base-cased|SST-2, NER, Sentihood_QA_B|sequential"
xlnet-base-cased,NER,"SST-2, NER, Sentihood_QA_B",sequential,0.028399142630309026,0.1905337904508297,0.1905337904508297,0.6664615384615384,0.6933101650738488,,,,,,,,,,,,,,Yes,"xlnet-base-cased|SST-2, NER, Sentihood_QA_B|sequential"
xlnet-base-cased,Sentihood_QA_B,"SST-2, NER, Sentihood_QA_B",sequential,0.013579957536117805,0.1526994576878761,0.1526994576878761,0.9344262295081968,0.9416118421052632,,,,,,,,0.8505869797225186,0.9664381867199464,0.9769734553880608,0.9540636042402828,0.8852459016393442,0.9183673469387756,Yes,"xlnet-base-cased|SST-2, NER, Sentihood_QA_B|sequential"
bert-base-uncased,SST-2,"SST-2, NER, Sentihood_QA_B",sequential,0.020101548482701768,0.2571363981281008,0.2571363981281008,0.9254587155963304,0.9254587155963304,,,,,,,,,,,,,,Yes,"bert-base-uncased|SST-2, NER, Sentihood_QA_B|sequential"
bert-base-uncased,NER,"SST-2, NER, Sentihood_QA_B",sequential,0.019447098130933857,0.2232197978748725,0.2232197978748725,0.6550769230769231,0.6594265855777585,,,,,,,,,,,,,,Yes,"bert-base-uncased|SST-2, NER, Sentihood_QA_B|sequential"
bert-base-uncased,Sentihood_QA_B,"SST-2, NER, Sentihood_QA_B",sequential,0.0105955334102404,0.15030317950401118,0.15030317950401118,0.9229508196721312,0.9268092105263158,,,,,,,,0.8548559231590181,0.9486103386583418,0.9714806600985288,0.9622302158273379,0.8770491803278688,0.9176672384219554,Yes,"bert-base-uncased|SST-2, NER, Sentihood_QA_B|sequential"
xlnet-base-cased,SST-2,"SST-2, NER, Sentihood_QA_B",random,0.027396477028741324,0.2041006322417941,0.2041006322417941,0.9449541284403672,0.9449541284403672,,,,,,,,,,,,,,Yes,"xlnet-base-cased|SST-2, NER, Sentihood_QA_B|random"
xlnet-base-cased,NER,"SST-2, NER, Sentihood_QA_B",random,0.027837936314443864,0.1906425101825824,0.1906425101825824,0.672,0.6973646104836374,,,,,,,,,,,,,,Yes,"xlnet-base-cased|SST-2, NER, Sentihood_QA_B|random"
xlnet-base-cased,Sentihood_QA_B,"SST-2, NER, Sentihood_QA_B",random,0.014914214923213737,0.14854799752885645,0.14854799752885645,0.9311475409836064,0.9366776315789472,,,,,,,,0.8516542155816436,0.9624486791735968,0.9758839394607238,0.9512195121951221,0.8950819672131147,0.9222972972972974,Yes,"xlnet-base-cased|SST-2, NER, Sentihood_QA_B|random"
bert-base-uncased,SST-2,"SST-2, NER, Sentihood_QA_B",random,0.019794908436650924,0.26435911868299755,0.26435911868299755,0.9208715596330276,0.9208715596330276,,,,,,,,,,,,,,Yes,"bert-base-uncased|SST-2, NER, Sentihood_QA_B|random"
bert-base-uncased,NER,"SST-2, NER, Sentihood_QA_B",random,0.019597407866807595,0.22267284846076604,0.22267284846076604,0.6575384615384615,0.6600057920648711,,,,,,,,,,,,,,Yes,"bert-base-uncased|SST-2, NER, Sentihood_QA_B|random"
bert-base-uncased,Sentihood_QA_B,"SST-2, NER, Sentihood_QA_B",random,0.010842459313268866,0.1567133762662045,0.1567133762662045,0.9295081967213116,0.9226973684210528,,,,,,,,0.8431163287086446,0.9686501321533696,0.9737402067373022,0.9542961608775136,0.8557377049180328,0.902333621434745,Yes,"bert-base-uncased|SST-2, NER, Sentihood_QA_B|random"
xlnet-base-cased,SST-2,"SST-2, NER, Sentihood_QA_B",prop,0.02470525344978726,0.2165499925613404,0.2165499925613404,0.9357798165137616,0.9357798165137616,,,,,,,,,,,,,,Yes,"xlnet-base-cased|SST-2, NER, Sentihood_QA_B|prop"
xlnet-base-cased,NER,"SST-2, NER, Sentihood_QA_B",prop,0.02480475059859857,0.1843674214413533,0.1843674214413533,0.6633846153846154,0.6875181002027223,,,,,,,,,,,,,,Yes,"xlnet-base-cased|SST-2, NER, Sentihood_QA_B|prop"
xlnet-base-cased,Sentihood_QA_B,"SST-2, NER, Sentihood_QA_B",prop,0.009640115464804495,0.18515982447636567,0.18515982447636567,0.9377049180327868,0.9383223684210528,,,,,,,,0.8676627534685165,0.9549382224824868,0.9750536802990142,0.9572192513368984,0.8803278688524591,0.9171648163962426,Yes,"xlnet-base-cased|SST-2, NER, Sentihood_QA_B|prop"
bert-base-uncased,SST-2,"SST-2, NER, Sentihood_QA_B",prop,0.017317665116576782,0.2473842586789813,0.2473842586789813,0.9220183486238532,0.9220183486238532,,,,,,,,,,,,,,Yes,"bert-base-uncased|SST-2, NER, Sentihood_QA_B|prop"
bert-base-uncased,NER,"SST-2, NER, Sentihood_QA_B",prop,0.020545074360797725,0.2063304397922296,0.2063304397922296,0.6513846153846153,0.6588473790906458,,,,,,,,,,,,,,Yes,"bert-base-uncased|SST-2, NER, Sentihood_QA_B|prop"
bert-base-uncased,Sentihood_QA_B,"SST-2, NER, Sentihood_QA_B",prop,0.007414930983207077,0.18155160787070848,0.18155160787070848,0.9327868852459016,0.9259868421052632,,,,,,,,0.8505869797225186,0.9579591309403378,0.9722801471778582,0.9616087751371116,0.8622950819672132,0.909248055315471,Yes,"bert-base-uncased|SST-2, NER, Sentihood_QA_B|prop"
xlnet-base-cased,SST-2,"SST-2, NER, Sentihood_QA_B",sqrt,0.027296622443029345,0.2128052647624697,0.2128052647624697,0.93348623853211,0.93348623853211,,,,,,,,,,,,,,Yes,"xlnet-base-cased|SST-2, NER, Sentihood_QA_B|sqrt"
xlnet-base-cased,NER,"SST-2, NER, Sentihood_QA_B",sqrt,0.02759476001371771,0.19022485413230386,0.19022485413230386,0.6670769230769231,0.6915725456125109,,,,,,,,,,,,,,Yes,"xlnet-base-cased|SST-2, NER, Sentihood_QA_B|sqrt"
xlnet-base-cased,Sentihood_QA_B,"SST-2, NER, Sentihood_QA_B",sqrt,0.013260471774698385,0.1630346794633872,0.1630346794633872,0.9377049180327868,0.9358552631578948,,,,,,,,0.8591248665955176,0.957904880484958,0.9770003276267408,0.9553571428571428,0.8770491803278688,0.9145299145299144,Yes,"xlnet-base-cased|SST-2, NER, Sentihood_QA_B|sqrt"
bert-base-uncased,SST-2,"SST-2, NER, Sentihood_QA_B",sqrt,0.02017748894835044,0.2289187865597861,0.2289187865597861,0.9231651376146788,0.9231651376146788,,,,,,,,,,,,,,Yes,"bert-base-uncased|SST-2, NER, Sentihood_QA_B|sqrt"
bert-base-uncased,NER,"SST-2, NER, Sentihood_QA_B",sqrt,0.020612642000310332,0.21557779524188767,0.21557779524188767,0.6538461538461539,0.6634810309875471,,,,,,,,,,,,,,Yes,"bert-base-uncased|SST-2, NER, Sentihood_QA_B|sqrt"
bert-base-uncased,Sentihood_QA_B,"SST-2, NER, Sentihood_QA_B",sqrt,0.00958785550129948,0.17574753177839078,0.17574753177839078,0.919672131147541,0.921875,,,,,,,,0.8420490928495198,0.9637361523205364,0.9716117871086336,0.9631675874769796,0.8573770491803279,0.907198612315698,Yes,"bert-base-uncased|SST-2, NER, Sentihood_QA_B|sqrt"
xlnet-base-cased,SST-2,"SST-2, NER, Sentihood_QA_B",square,0.022257730604747242,0.20035075502736227,0.20035075502736227,0.9392201834862384,0.9392201834862384,,,,,,,,,,,,,,Yes,"xlnet-base-cased|SST-2, NER, Sentihood_QA_B|square"
xlnet-base-cased,NER,"SST-2, NER, Sentihood_QA_B",square,0.019994195998791844,0.1867817293566007,0.1867817293566007,0.6430769230769231,0.6741963509991312,,,,,,,,,,,,,,Yes,"xlnet-base-cased|SST-2, NER, Sentihood_QA_B|square"
xlnet-base-cased,Sentihood_QA_B,"SST-2, NER, Sentihood_QA_B",square,0.005953485407153093,0.2458373846655542,0.2458373846655542,0.939344262295082,0.9424342105263158,,,,,,,,0.8601921024546425,0.9588801783790944,0.969513055247137,0.9573712255772646,0.8836065573770492,0.9190110826939468,Yes,"xlnet-base-cased|SST-2, NER, Sentihood_QA_B|square"
bert-base-uncased,SST-2,"SST-2, NER, Sentihood_QA_B",square,0.01849956064850505,0.21311735468251364,0.21311735468251364,0.9208715596330276,0.9208715596330276,,,,,,,,,,,,,,Yes,"bert-base-uncased|SST-2, NER, Sentihood_QA_B|square"
bert-base-uncased,NER,"SST-2, NER, Sentihood_QA_B",square,0.017979711134326917,0.20525202584954408,0.20525202584954408,0.6393846153846154,0.6504488850275123,,,,,,,,,,,,,,Yes,"bert-base-uncased|SST-2, NER, Sentihood_QA_B|square"
bert-base-uncased,Sentihood_QA_B,"SST-2, NER, Sentihood_QA_B",square,0.002654110745972376,0.2321791002071801,0.2321791002071801,0.9311475409836064,0.9300986842105264,,,,,,,,0.8527214514407684,0.9630858111981976,0.9674710223970342,0.9629629629629628,0.8524590163934426,0.9043478260869564,Yes,"bert-base-uncased|SST-2, NER, Sentihood_QA_B|square"
xlnet-base-cased,SST-2,"SST-2, NER, Sentihood_QA_B",anneal,0.028934908336856337,0.20600758918694087,0.20600758918694087,0.9392201834862384,0.9392201834862384,,,,,,,,,,,,,,Yes,"xlnet-base-cased|SST-2, NER, Sentihood_QA_B|anneal"
xlnet-base-cased,NER,"SST-2, NER, Sentihood_QA_B",anneal,0.029862872198456063,0.18784146039531785,0.18784146039531785,0.6673846153846154,0.6886765131769476,,,,,,,,,,,,,,Yes,"xlnet-base-cased|SST-2, NER, Sentihood_QA_B|anneal"
xlnet-base-cased,Sentihood_QA_B,"SST-2, NER, Sentihood_QA_B",anneal,0.009371317739483341,0.1752701998762363,0.1752701998762363,0.9360655737704918,0.9391447368421052,,,,,,,,0.8644610458911419,0.952720911278318,0.9741558425028166,0.9534883720930232,0.8737704918032787,0.911890504704876,Yes,"xlnet-base-cased|SST-2, NER, Sentihood_QA_B|anneal"
bert-base-uncased,SST-2,"SST-2, NER, Sentihood_QA_B",anneal,0.022144309442427745,0.2403362031493868,0.2403362031493868,0.9323394495412844,0.9323394495412844,,,,,,,,,,,,,,Yes,"bert-base-uncased|SST-2, NER, Sentihood_QA_B|anneal"
bert-base-uncased,NER,"SST-2, NER, Sentihood_QA_B",anneal,0.02410056172545277,0.20915667368815494,0.20915667368815494,0.6566153846153846,0.6553721401679699,,,,,,,,,,,,,,Yes,"bert-base-uncased|SST-2, NER, Sentihood_QA_B|anneal"
bert-base-uncased,Sentihood_QA_B,"SST-2, NER, Sentihood_QA_B",anneal,0.0059913878646615645,0.184257914820178,0.184257914820178,0.9278688524590164,0.9276315789473684,,,,,,,,0.8441835645677694,0.9598028985615558,0.9677263299188926,0.9543795620437956,0.8573770491803279,0.9032815198618308,Yes,"bert-base-uncased|SST-2, NER, Sentihood_QA_B|anneal"
xlnet-base-cased,SST-2,"SST-2, SemEval_QA_B, Sentihood_QA_B",sequential,0.02213685518100656,0.22918112788881576,0.22918112788881576,0.9426605504587156,0.9426605504587156,,,,,,,,,,,,,,Yes,"xlnet-base-cased|SST-2, SemEval_QA_B, Sentihood_QA_B|sequential"
xlnet-base-cased,SemEval_QA_B,"SST-2, SemEval_QA_B, Sentihood_QA_B",sequential,0.012457733888304076,0.13350843596954348,0.13350843596954348,0.92875,0.92875,0.9579067121729238,0.9023638232271326,0.8692682926829268,0.9579067121729238,0.9023638232271326,0.8692682926829268,,,,,0.9192422731804586,0.8995121951219512,0.9092702169625246,Yes,"xlnet-base-cased|SST-2, SemEval_QA_B, Sentihood_QA_B|sequential"
xlnet-base-cased,Sentihood_QA_B,"SST-2, SemEval_QA_B, Sentihood_QA_B",sequential,0.00531863436772144,0.2035781468942084,0.2035781468942084,0.9278688524590164,0.9473684210526316,,,,,,,,0.8527214514407684,0.9738812908945541,0.9751050171793276,0.954782608695652,0.9,0.9265822784810124,Yes,"xlnet-base-cased|SST-2, SemEval_QA_B, Sentihood_QA_B|sequential"
bert-base-uncased,SST-2,"SST-2, SemEval_QA_B, Sentihood_QA_B",sequential,0.012222837561664356,0.286578363605908,0.286578363605908,0.9243119266055044,0.9243119266055044,,,,,,,,,,,,,,Yes,"bert-base-uncased|SST-2, SemEval_QA_B, Sentihood_QA_B|sequential"
bert-base-uncased,SemEval_QA_B,"SST-2, SemEval_QA_B, Sentihood_QA_B",sequential,0.005010689056986277,0.1344828377418505,0.1344828377418505,0.9235,0.9235,0.9567690557451648,0.8931140801644398,0.8536585365853658,0.9567690557451648,0.8931140801644398,0.8536585365853658,,,,,0.9206827309236948,0.8946341463414634,0.9074715487382484,Yes,"bert-base-uncased|SST-2, SemEval_QA_B, Sentihood_QA_B|sequential"
bert-base-uncased,Sentihood_QA_B,"SST-2, SemEval_QA_B, Sentihood_QA_B",sequential,0.0026818556527586053,0.19795003868851133,0.19795003868851133,0.9344262295081968,0.9300986842105264,,,,,,,,0.8676627534685165,0.9637371123424964,0.9699613008975057,0.9682835820895522,0.8508196721311475,0.9057591623036648,Yes,"bert-base-uncased|SST-2, SemEval_QA_B, Sentihood_QA_B|sequential"
xlnet-base-cased,SST-2,"SST-2, SemEval_QA_B, Sentihood_QA_B",random,0.021537671808281058,0.2672704117638724,0.2672704117638724,0.9369266055045872,0.9369266055045872,,,,,,,,,,,,,,Yes,"xlnet-base-cased|SST-2, SemEval_QA_B, Sentihood_QA_B|random"
xlnet-base-cased,SemEval_QA_B,"SST-2, SemEval_QA_B, Sentihood_QA_B",random,0.012396682810837535,0.13966553153434566,0.13966553153434566,0.9285,0.9285,0.9522184300341296,0.9033915724563206,0.8663414634146341,0.9522184300341296,0.9033915724563206,0.8663414634146341,,,,,0.9282103134479271,0.895609756097561,0.9116186693147964,Yes,"xlnet-base-cased|SST-2, SemEval_QA_B, Sentihood_QA_B|random"
xlnet-base-cased,Sentihood_QA_B,"SST-2, SemEval_QA_B, Sentihood_QA_B",random,0.00515567550070773,0.2308622883442281,0.2308622883442281,0.9409836065573772,0.9325657894736842,,,,,,,,0.847385272145144,0.9597023176661252,0.9727738617746255,0.9584086799276672,0.8688524590163934,0.9114359415305244,Yes,"xlnet-base-cased|SST-2, SemEval_QA_B, Sentihood_QA_B|random"
bert-base-uncased,SST-2,"SST-2, SemEval_QA_B, Sentihood_QA_B",random,0.012879170879555342,0.2934343921286719,0.2934343921286719,0.9277522935779816,0.9277522935779816,,,,,,,,,,,,,,Yes,"bert-base-uncased|SST-2, SemEval_QA_B, Sentihood_QA_B|random"
bert-base-uncased,SemEval_QA_B,"SST-2, SemEval_QA_B, Sentihood_QA_B",random,0.005398723898273102,0.1367698652213024,0.1367698652213024,0.92525,0.92525,0.9556313993174058,0.8859198355601233,0.8478048780487805,0.9556313993174058,0.8859198355601233,0.8478048780487805,,,,,0.9195289499509324,0.9141463414634148,0.9168297455968688,Yes,"bert-base-uncased|SST-2, SemEval_QA_B, Sentihood_QA_B|random"
bert-base-uncased,Sentihood_QA_B,"SST-2, SemEval_QA_B, Sentihood_QA_B",random,0.0023818350082871324,0.1976063150849024,0.1976063150849024,0.9442622950819672,0.9300986842105264,,,,,,,,0.8644610458911419,0.9727778867835551,0.9672001072495048,0.9618181818181818,0.8672131147540983,0.9120689655172414,Yes,"bert-base-uncased|SST-2, SemEval_QA_B, Sentihood_QA_B|random"
xlnet-base-cased,SST-2,"SST-2, SemEval_QA_B, Sentihood_QA_B",prop,0.02035598935649286,0.2008286246231624,0.2008286246231624,0.9461009174311926,0.9461009174311926,,,,,,,,,,,,,,Yes,"xlnet-base-cased|SST-2, SemEval_QA_B, Sentihood_QA_B|prop"
xlnet-base-cased,SemEval_QA_B,"SST-2, SemEval_QA_B, Sentihood_QA_B",prop,0.010912967857241909,0.1470756357517924,0.1470756357517924,0.92925,0.92925,0.9590443686006824,0.9075025693730728,0.8780487804878049,0.9590443686006824,0.9075025693730728,0.8780487804878049,,,,,0.914116485686081,0.9034146341463416,0.9087340529931306,Yes,"xlnet-base-cased|SST-2, SemEval_QA_B, Sentihood_QA_B|prop"
xlnet-base-cased,Sentihood_QA_B,"SST-2, SemEval_QA_B, Sentihood_QA_B",prop,0.00424132420196851,0.22565780897010965,0.22565780897010965,0.9213114754098358,0.9342105263157896,,,,,,,,0.8591248665955176,0.9663528070510506,0.9705002274715356,0.9614035087719298,0.898360655737705,0.9288135593220341,Yes,"xlnet-base-cased|SST-2, SemEval_QA_B, Sentihood_QA_B|prop"
bert-base-uncased,SST-2,"SST-2, SemEval_QA_B, Sentihood_QA_B",prop,0.014700778999161763,0.2351635715791157,0.2351635715791157,0.9243119266055044,0.9243119266055044,,,,,,,,,,,,,,Yes,"bert-base-uncased|SST-2, SemEval_QA_B, Sentihood_QA_B|prop"
bert-base-uncased,SemEval_QA_B,"SST-2, SemEval_QA_B, Sentihood_QA_B",prop,0.00468013227318752,0.1447699395910048,0.1447699395910048,0.92825,0.92825,0.9590443686006824,0.8961973278520041,0.8575609756097561,0.9590443686006824,0.8961973278520041,0.8575609756097561,,,,,0.9272183449651048,0.9073170731707316,0.9171597633136096,Yes,"bert-base-uncased|SST-2, SemEval_QA_B, Sentihood_QA_B|prop"
bert-base-uncased,Sentihood_QA_B,"SST-2, SemEval_QA_B, Sentihood_QA_B",prop,0.0019322356057044781,0.21096091353419152,0.21096091353419152,0.9344262295081968,0.9457236842105264,,,,,,,,0.8580576307363927,0.9598476641892916,0.9698656936882764,0.965391621129326,0.8688524590163934,0.91458153580673,Yes,"bert-base-uncased|SST-2, SemEval_QA_B, Sentihood_QA_B|prop"
xlnet-base-cased,SST-2,"SST-2, SemEval_QA_B, Sentihood_QA_B",sqrt,0.02073117502641033,0.2568856711898531,0.2568856711898531,0.9311926605504588,0.9311926605504588,,,,,,,,,,,,,,Yes,"xlnet-base-cased|SST-2, SemEval_QA_B, Sentihood_QA_B|sqrt"
xlnet-base-cased,SemEval_QA_B,"SST-2, SemEval_QA_B, Sentihood_QA_B",sqrt,0.011158321991766241,0.15097934204735053,0.15097934204735053,0.926,0.926,0.9590443686006824,0.9013360739979444,0.8663414634146341,0.9590443686006824,0.9013360739979444,0.8663414634146341,,,,,0.9074074074074074,0.9082926829268292,0.9078498293515359,Yes,"xlnet-base-cased|SST-2, SemEval_QA_B, Sentihood_QA_B|sqrt"
xlnet-base-cased,Sentihood_QA_B,"SST-2, SemEval_QA_B, Sentihood_QA_B",sqrt,0.005016600381736318,0.2302991958514957,0.2302991958514957,0.9426229508196722,0.9457236842105264,,,,,,,,0.8601921024546425,0.9546589370784336,0.9687002961234298,0.9627659574468084,0.8901639344262295,0.9250425894378196,Yes,"xlnet-base-cased|SST-2, SemEval_QA_B, Sentihood_QA_B|sqrt"
bert-base-uncased,SST-2,"SST-2, SemEval_QA_B, Sentihood_QA_B",sqrt,0.012986745144525837,0.23763005222593034,0.23763005222593034,0.9266055045871558,0.9266055045871558,,,,,,,,,,,,,,Yes,"bert-base-uncased|SST-2, SemEval_QA_B, Sentihood_QA_B|sqrt"
bert-base-uncased,SemEval_QA_B,"SST-2, SemEval_QA_B, Sentihood_QA_B",sqrt,0.0054768521594857926,0.13098778709721792,0.13098778709721792,0.92925,0.92925,0.9533560864618884,0.894141829393628,0.8653658536585366,0.9533560864618884,0.894141829393628,0.8653658536585366,,,,,0.9243027888446216,0.9053658536585366,0.9147363233119764,Yes,"bert-base-uncased|SST-2, SemEval_QA_B, Sentihood_QA_B|sqrt"
bert-base-uncased,Sentihood_QA_B,"SST-2, SemEval_QA_B, Sentihood_QA_B",sqrt,0.002277699944861075,0.2038002814885906,0.2038002814885906,0.9377049180327868,0.9309210526315792,,,,,,,,0.855923159018143,0.9705822670149644,0.9731625811575658,0.9626865671641792,0.8459016393442623,0.9005235602094241,Yes,"bert-base-uncased|SST-2, SemEval_QA_B, Sentihood_QA_B|sqrt"
xlnet-base-cased,SST-2,"SST-2, SemEval_QA_B, Sentihood_QA_B",square,0.015239894166674171,0.21728331276348656,0.21728331276348656,0.9346330275229358,0.9346330275229358,,,,,,,,,,,,,,Yes,"xlnet-base-cased|SST-2, SemEval_QA_B, Sentihood_QA_B|square"
xlnet-base-cased,SemEval_QA_B,"SST-2, SemEval_QA_B, Sentihood_QA_B",square,0.009505089310944136,0.15961793579671318,0.15961793579671318,0.92825,0.92825,0.9488054607508531,0.8982528263103803,0.8663414634146341,0.9488054607508531,0.8982528263103803,0.8663414634146341,,,,,0.9254032258064516,0.895609756097561,0.9102627664848786,Yes,"xlnet-base-cased|SST-2, SemEval_QA_B, Sentihood_QA_B|square"
xlnet-base-cased,Sentihood_QA_B,"SST-2, SemEval_QA_B, Sentihood_QA_B",square,0.004015153512039847,0.2297235229581764,0.2297235229581764,0.9245901639344264,0.9284539473684208,,,,,,,,0.8548559231590181,0.9665569380211508,0.9736282414440368,0.9625668449197858,0.8852459016393442,0.9222886421861656,Yes,"xlnet-base-cased|SST-2, SemEval_QA_B, Sentihood_QA_B|square"
bert-base-uncased,SST-2,"SST-2, SemEval_QA_B, Sentihood_QA_B",square,0.012174434744787693,0.2329141071864537,0.2329141071864537,0.9197247706422018,0.9197247706422018,,,,,,,,,,,,,,Yes,"bert-base-uncased|SST-2, SemEval_QA_B, Sentihood_QA_B|square"
bert-base-uncased,SemEval_QA_B,"SST-2, SemEval_QA_B, Sentihood_QA_B",square,0.004201401700029999,0.15360219937387354,0.15360219937387354,0.92725,0.92725,0.9453924914675768,0.8910585817060637,0.8565853658536585,0.9453924914675768,0.8910585817060637,0.8565853658536585,,,,,0.9181459566074952,0.9082926829268292,0.9131927415399704,Yes,"bert-base-uncased|SST-2, SemEval_QA_B, Sentihood_QA_B|square"
bert-base-uncased,Sentihood_QA_B,"SST-2, SemEval_QA_B, Sentihood_QA_B",square,0.001819371360355393,0.2216457524786661,0.2216457524786661,0.9295081967213116,0.935032894736842,,,,,,,,0.8591248665955176,0.9669655252488684,0.9706158301166579,0.9650735294117648,0.860655737704918,0.9098786828422876,Yes,"bert-base-uncased|SST-2, SemEval_QA_B, Sentihood_QA_B|square"
xlnet-base-cased,SST-2,"SST-2, SemEval_QA_B, Sentihood_QA_B",anneal,0.024799987640182392,0.269092327782086,0.269092327782086,0.9288990825688074,0.9288990825688074,,,,,,,,,,,,,,Yes,"xlnet-base-cased|SST-2, SemEval_QA_B, Sentihood_QA_B|anneal"
xlnet-base-cased,SemEval_QA_B,"SST-2, SemEval_QA_B, Sentihood_QA_B",anneal,0.011125521017369766,0.1525210076216371,0.1525210076216371,0.927,0.927,0.9613196814562004,0.8992805755395683,0.8712195121951221,0.9613196814562004,0.8992805755395683,0.8712195121951221,,,,,0.9172482552342972,0.8975609756097561,0.9072978303747536,Yes,"xlnet-base-cased|SST-2, SemEval_QA_B, Sentihood_QA_B|anneal"
xlnet-base-cased,Sentihood_QA_B,"SST-2, SemEval_QA_B, Sentihood_QA_B",anneal,0.0036718794042670975,0.22990548539779745,0.22990548539779745,0.919672131147541,0.9300986842105264,,,,,,,,0.8591248665955176,0.9609795216045884,0.9702846101040722,0.9479166666666666,0.8950819672131147,0.9207419898819562,Yes,"xlnet-base-cased|SST-2, SemEval_QA_B, Sentihood_QA_B|anneal"
bert-base-uncased,SST-2,"SST-2, SemEval_QA_B, Sentihood_QA_B",anneal,0.016531702051196612,0.2623802806649889,0.2623802806649889,0.9220183486238532,0.9220183486238532,,,,,,,,,,,,,,Yes,"bert-base-uncased|SST-2, SemEval_QA_B, Sentihood_QA_B|anneal"
bert-base-uncased,SemEval_QA_B,"SST-2, SemEval_QA_B, Sentihood_QA_B",anneal,0.00443347516840206,0.14331227172741512,0.14331227172741512,0.92775,0.92775,0.9488054607508531,0.8828365878725591,0.8507317073170731,0.9488054607508531,0.8828365878725591,0.8507317073170731,,,,,0.9280719280719281,0.9063414634146342,0.9170779861796644,Yes,"bert-base-uncased|SST-2, SemEval_QA_B, Sentihood_QA_B|anneal"
bert-base-uncased,Sentihood_QA_B,"SST-2, SemEval_QA_B, Sentihood_QA_B",anneal,0.002331682824565938,0.20627227220790129,0.20627227220790129,0.9147540983606556,0.9333881578947368,,,,,,,,0.8601921024546425,0.964474576783678,0.9670628489161994,0.9551971326164874,0.8737704918032787,0.9126712328767124,Yes,"bert-base-uncased|SST-2, SemEval_QA_B, Sentihood_QA_B|anneal"
xlnet-base-cased,NER,"NER, SemEval_QA_B, Sentihood_QA_B",sequential,0.020886223814530005,0.2029093483892771,0.2029093483892771,0.676923076923077,0.6967854039965248,,,,,,,,,,,,,,Yes,"xlnet-base-cased|NER, SemEval_QA_B, Sentihood_QA_B|sequential"
xlnet-base-cased,SemEval_QA_B,"NER, SemEval_QA_B, Sentihood_QA_B",sequential,0.01916139550223876,0.11756741491021812,0.11756741491021812,0.92375,0.92375,0.949943117178612,0.8828365878725591,0.8487804878048779,0.949943117178612,0.8828365878725591,0.8487804878048779,,,,,0.9142857142857144,0.9053658536585366,0.9098039215686274,Yes,"xlnet-base-cased|NER, SemEval_QA_B, Sentihood_QA_B|sequential"
xlnet-base-cased,Sentihood_QA_B,"NER, SemEval_QA_B, Sentihood_QA_B",sequential,0.010276544042065246,0.17949788086645474,0.17949788086645474,0.9377049180327868,0.9333881578947368,,,,,,,,0.8388473852721452,0.9550043339685024,0.9726113425104824,0.9491228070175438,0.8868852459016393,0.9169491525423727,Yes,"xlnet-base-cased|NER, SemEval_QA_B, Sentihood_QA_B|sequential"
bert-base-uncased,NER,"NER, SemEval_QA_B, Sentihood_QA_B",sequential,0.014500233463815985,0.2380037743311662,0.2380037743311662,0.6646153846153846,0.6666666666666666,,,,,,,,,,,,,,Yes,"bert-base-uncased|NER, SemEval_QA_B, Sentihood_QA_B|sequential"
bert-base-uncased,SemEval_QA_B,"NER, SemEval_QA_B, Sentihood_QA_B",sequential,0.010579159758231307,0.12420059995025776,0.12420059995025776,0.9215,0.9215,0.9556313993174058,0.8931140801644398,0.8517073170731707,0.9556313993174058,0.8931140801644398,0.8517073170731707,,,,,0.9164989939637826,0.8887804878048781,0.9024269440316992,Yes,"bert-base-uncased|NER, SemEval_QA_B, Sentihood_QA_B|sequential"
bert-base-uncased,Sentihood_QA_B,"NER, SemEval_QA_B, Sentihood_QA_B",sequential,0.006450420168884518,0.16688507087317042,0.16688507087317042,0.9295081967213116,0.9358552631578948,,,,,,,,0.8441835645677694,0.96382147568961,0.9736801820448392,0.9620493358633776,0.8311475409836065,0.8918205804749342,Yes,"bert-base-uncased|NER, SemEval_QA_B, Sentihood_QA_B|sequential"
xlnet-base-cased,NER,"NER, SemEval_QA_B, Sentihood_QA_B",random,0.01950616435028905,0.20243928151635024,0.20243928151635024,0.6759999999999999,0.7017086591369823,,,,,,,,,,,,,,Yes,"xlnet-base-cased|NER, SemEval_QA_B, Sentihood_QA_B|random"
xlnet-base-cased,SemEval_QA_B,"NER, SemEval_QA_B, Sentihood_QA_B",random,0.01958063543378115,0.11798966867303487,0.11798966867303487,0.92025,0.92025,0.9465301478953356,0.8920863309352518,0.8565853658536585,0.9465301478953356,0.8920863309352518,0.8565853658536585,,,,,0.9002904162633107,0.9073170731707316,0.9037900874635568,Yes,"xlnet-base-cased|NER, SemEval_QA_B, Sentihood_QA_B|random"
xlnet-base-cased,Sentihood_QA_B,"NER, SemEval_QA_B, Sentihood_QA_B",random,0.010398487029919884,0.17664984570265832,0.17664984570265832,0.9295081967213116,0.9317434210526316,,,,,,,,0.8399146211312701,0.959846876732287,0.9702339031122358,0.9471830985915493,0.8819672131147541,0.9134125636672328,Yes,"xlnet-base-cased|NER, SemEval_QA_B, Sentihood_QA_B|random"
bert-base-uncased,NER,"NER, SemEval_QA_B, Sentihood_QA_B",random,0.013949352599792228,0.24272404095301264,0.24272404095301264,0.6633846153846154,0.6649290472053287,,,,,,,,,,,,,,Yes,"bert-base-uncased|NER, SemEval_QA_B, Sentihood_QA_B|random"
bert-base-uncased,SemEval_QA_B,"NER, SemEval_QA_B, Sentihood_QA_B",random,0.010259801861354141,0.1183778283743864,0.1183778283743864,0.924,0.924,0.9556313993174058,0.8951695786228159,0.855609756097561,0.9556313993174058,0.8951695786228159,0.855609756097561,,,,,0.9166666666666666,0.9014634146341464,0.9090014756517462,Yes,"bert-base-uncased|NER, SemEval_QA_B, Sentihood_QA_B|random"
bert-base-uncased,Sentihood_QA_B,"NER, SemEval_QA_B, Sentihood_QA_B",random,0.006490446442934661,0.16475288980026645,0.16475288980026645,0.9295081967213116,0.9309210526315792,,,,,,,,0.8463180362860192,0.9627392323265812,0.9706563583387574,0.9653179190751444,0.8213114754098361,0.8875110717449071,Yes,"bert-base-uncased|NER, SemEval_QA_B, Sentihood_QA_B|random"
xlnet-base-cased,NER,"NER, SemEval_QA_B, Sentihood_QA_B",prop,0.01904918572793812,0.18369216815783426,0.18369216815783426,0.6679999999999999,0.6915725456125109,,,,,,,,,,,,,,Yes,"xlnet-base-cased|NER, SemEval_QA_B, Sentihood_QA_B|prop"
xlnet-base-cased,SemEval_QA_B,"NER, SemEval_QA_B, Sentihood_QA_B",prop,0.017091753464395378,0.13171562434405468,0.13171562434405468,0.92325,0.92325,0.9397042093287828,0.8828365878725591,0.8507317073170731,0.9397042093287828,0.8828365878725591,0.8507317073170731,,,,,0.9070450097847358,0.904390243902439,0.9057156814851004,Yes,"xlnet-base-cased|NER, SemEval_QA_B, Sentihood_QA_B|prop"
xlnet-base-cased,Sentihood_QA_B,"NER, SemEval_QA_B, Sentihood_QA_B",prop,0.00989149169177287,0.1990387354427102,0.1990387354427102,0.9311475409836064,0.9366776315789472,,,,,,,,0.8367129135538954,0.9584498469179388,0.9675277361457548,0.9547920433996384,0.8655737704918033,0.9079965606190884,Yes,"xlnet-base-cased|NER, SemEval_QA_B, Sentihood_QA_B|prop"
bert-base-uncased,NER,"NER, SemEval_QA_B, Sentihood_QA_B",prop,0.016748045877619844,0.20406725830756695,0.20406725830756695,0.6513846153846153,0.6556617434115262,,,,,,,,,,,,,,Yes,"bert-base-uncased|NER, SemEval_QA_B, Sentihood_QA_B|prop"
bert-base-uncased,SemEval_QA_B,"NER, SemEval_QA_B, Sentihood_QA_B",prop,0.009265187913552755,0.1306797389273241,0.1306797389273241,0.9265,0.9265,0.9579067121729238,0.9044193216855088,0.8673170731707317,0.9579067121729238,0.9044193216855088,0.8673170731707317,,,,,0.9173306772908366,0.8985365853658537,0.9078363725973386,Yes,"bert-base-uncased|NER, SemEval_QA_B, Sentihood_QA_B|prop"
bert-base-uncased,Sentihood_QA_B,"NER, SemEval_QA_B, Sentihood_QA_B",prop,0.005266672769568688,0.1832390436690978,0.1832390436690978,0.9262295081967212,0.9268092105263158,,,,,,,,0.8516542155816436,0.9708206129052146,0.968882270816858,0.9581056466302368,0.8622950819672132,0.907679033649698,Yes,"bert-base-uncased|NER, SemEval_QA_B, Sentihood_QA_B|prop"
xlnet-base-cased,NER,"NER, SemEval_QA_B, Sentihood_QA_B",sqrt,0.0202098980782839,0.191108368910276,0.191108368910276,0.676923076923077,0.6970750072400811,,,,,,,,,,,,,,Yes,"xlnet-base-cased|NER, SemEval_QA_B, Sentihood_QA_B|sqrt"
xlnet-base-cased,SemEval_QA_B,"NER, SemEval_QA_B, Sentihood_QA_B",sqrt,0.019349218279370483,0.13436571041501727,0.13436571041501727,0.92025,0.92025,0.944254835039818,0.8828365878725591,0.8546341463414634,0.944254835039818,0.8828365878725591,0.8546341463414634,,,,,0.9063745019920318,0.8878048780487805,0.8969935929029078,Yes,"xlnet-base-cased|NER, SemEval_QA_B, Sentihood_QA_B|sqrt"
xlnet-base-cased,Sentihood_QA_B,"NER, SemEval_QA_B, Sentihood_QA_B",sqrt,0.010004856290945588,0.1911787873832509,0.1911787873832509,0.9426229508196722,0.9375,,,,,,,,0.847385272145144,0.9541430126279958,0.9724464409023942,0.9569120287253142,0.8737704918032787,0.913453299057412,Yes,"xlnet-base-cased|NER, SemEval_QA_B, Sentihood_QA_B|sqrt"
bert-base-uncased,NER,"NER, SemEval_QA_B, Sentihood_QA_B",sqrt,0.015544046277037748,0.21643677984292686,0.21643677984292686,0.6627692307692308,0.6649290472053287,,,,,,,,,,,,,,Yes,"bert-base-uncased|NER, SemEval_QA_B, Sentihood_QA_B|sqrt"
bert-base-uncased,SemEval_QA_B,"NER, SemEval_QA_B, Sentihood_QA_B",sqrt,0.009585230430775473,0.12905173390142766,0.12905173390142766,0.92225,0.92225,0.9579067121729238,0.9033915724563206,0.8565853658536585,0.9579067121729238,0.9033915724563206,0.8565853658536585,,,,,0.90625,0.9053658536585366,0.9058077110785748,Yes,"bert-base-uncased|NER, SemEval_QA_B, Sentihood_QA_B|sqrt"
bert-base-uncased,Sentihood_QA_B,"NER, SemEval_QA_B, Sentihood_QA_B",sqrt,0.005272219967936264,0.18203842580127952,0.18203842580127952,0.9245901639344264,0.9325657894736842,,,,,,,,0.8388473852721452,0.9684597000496568,0.9713886920929296,0.9600760456273764,0.8278688524590164,0.8890845070422536,Yes,"bert-base-uncased|NER, SemEval_QA_B, Sentihood_QA_B|sqrt"
xlnet-base-cased,NER,"NER, SemEval_QA_B, Sentihood_QA_B",square,0.014756658720654719,0.18985864921258047,0.18985864921258047,0.6372307692307693,0.6663770634231103,,,,,,,,,,,,,,Yes,"xlnet-base-cased|NER, SemEval_QA_B, Sentihood_QA_B|square"
xlnet-base-cased,SemEval_QA_B,"NER, SemEval_QA_B, Sentihood_QA_B",square,0.017473577282186528,0.13120714194811645,0.13120714194811645,0.9245,0.9245,0.949943117178612,0.8972250770811921,0.8634146341463415,0.949943117178612,0.8972250770811921,0.8634146341463415,,,,,0.9035087719298246,0.904390243902439,0.9039492930277914,Yes,"xlnet-base-cased|NER, SemEval_QA_B, Sentihood_QA_B|square"
xlnet-base-cased,Sentihood_QA_B,"NER, SemEval_QA_B, Sentihood_QA_B",square,0.008321995071623555,0.2045805107548156,0.2045805107548156,0.9262295081967212,0.9358552631578948,,,,,,,,0.8409818569903948,0.9608739518019604,0.9715548234430464,0.9551166965888688,0.8721311475409836,0.9117395029991432,Yes,"xlnet-base-cased|NER, SemEval_QA_B, Sentihood_QA_B|square"
bert-base-uncased,NER,"NER, SemEval_QA_B, Sentihood_QA_B",square,0.014331914888719032,0.20169561757491186,0.20169561757491186,0.6283076923076923,0.6432088039386041,,,,,,,,,,,,,,Yes,"bert-base-uncased|NER, SemEval_QA_B, Sentihood_QA_B|square"
bert-base-uncased,SemEval_QA_B,"NER, SemEval_QA_B, Sentihood_QA_B",square,0.008129900085197492,0.13203123577271295,0.13203123577271295,0.927,0.927,0.9510807736063708,0.8972250770811921,0.8604878048780488,0.9510807736063708,0.8972250770811921,0.8604878048780488,,,,,0.9188921859545004,0.9063414634146342,0.9125736738703342,Yes,"bert-base-uncased|NER, SemEval_QA_B, Sentihood_QA_B|square"
bert-base-uncased,Sentihood_QA_B,"NER, SemEval_QA_B, Sentihood_QA_B",square,0.005221347595495908,0.1851111736534883,0.1851111736534883,0.9278688524590164,0.9317434210526316,,,,,,,,0.8527214514407684,0.9668237307578962,0.9723731498288996,0.9696969696969696,0.8393442622950821,0.8998242530755711,Yes,"bert-base-uncased|NER, SemEval_QA_B, Sentihood_QA_B|square"
xlnet-base-cased,NER,"NER, SemEval_QA_B, Sentihood_QA_B",anneal,0.02362776336762436,0.1870895145604244,0.1870895145604244,0.672,0.6921517520996235,,,,,,,,,,,,,,Yes,"xlnet-base-cased|NER, SemEval_QA_B, Sentihood_QA_B|anneal"
xlnet-base-cased,SemEval_QA_B,"NER, SemEval_QA_B, Sentihood_QA_B",anneal,0.01787810643129068,0.12599979462635935,0.12599979462635935,0.924,0.924,0.9374288964732652,0.8848920863309353,0.8497560975609756,0.9374288964732652,0.8848920863309353,0.8497560975609756,,,,,0.9099804305283756,0.9073170731707316,0.908646800195408,Yes,"xlnet-base-cased|NER, SemEval_QA_B, Sentihood_QA_B|anneal"
xlnet-base-cased,Sentihood_QA_B,"NER, SemEval_QA_B, Sentihood_QA_B",anneal,0.009360712080900415,0.18711286556737666,0.18711286556737666,0.9327868852459016,0.9391447368421052,,,,,,,,0.8335112059765208,0.95792898708941,0.9691250489432728,0.9448398576512456,0.8704918032786885,0.9061433447098975,Yes,"xlnet-base-cased|NER, SemEval_QA_B, Sentihood_QA_B|anneal"
bert-base-uncased,NER,"NER, SemEval_QA_B, Sentihood_QA_B",anneal,0.02054183306862175,0.2096408513876108,0.2096408513876108,0.6584615384615384,0.6637706342311034,,,,,,,,,,,,,,Yes,"bert-base-uncased|NER, SemEval_QA_B, Sentihood_QA_B|anneal"
bert-base-uncased,SemEval_QA_B,"NER, SemEval_QA_B, Sentihood_QA_B",anneal,0.009275126487913184,0.12705312266495009,0.12705312266495009,0.92425,0.92425,0.963594994311718,0.9054470709146968,0.8634146341463415,0.963594994311718,0.9054470709146968,0.8634146341463415,,,,,0.9171656686626748,0.8965853658536586,0.9067587567834238,Yes,"bert-base-uncased|NER, SemEval_QA_B, Sentihood_QA_B|anneal"
bert-base-uncased,Sentihood_QA_B,"NER, SemEval_QA_B, Sentihood_QA_B",anneal,0.0052117806394960785,0.1904412649032152,0.1904412649032152,0.9360655737704918,0.9276315789473684,,,,,,,,0.8463180362860192,0.9650916119223798,0.9736869440744796,0.9622641509433962,0.8360655737704918,0.8947368421052632,Yes,"bert-base-uncased|NER, SemEval_QA_B, Sentihood_QA_B|anneal"
xlnet-base-cased,SST-2,"SST-2, NER, SemEval_QA_B, Sentihood_QA_B",sequential,0.01880619851194086,0.21660712574209487,0.21660712574209487,0.94151376146789,0.94151376146789,,,,,,,,,,,,,,Yes,"xlnet-base-cased|SST-2, NER, SemEval_QA_B, Sentihood_QA_B|sequential"
xlnet-base-cased,NER,"SST-2, NER, SemEval_QA_B, Sentihood_QA_B",sequential,0.01544093120237162,0.2053075389793286,0.2053075389793286,0.6781538461538461,0.6950477845351868,,,,,,,,,,,,,,Yes,"xlnet-base-cased|SST-2, NER, SemEval_QA_B, Sentihood_QA_B|sequential"
xlnet-base-cased,SemEval_QA_B,"SST-2, NER, SemEval_QA_B, Sentihood_QA_B",sequential,0.011494536482852829,0.12157137906416113,0.12157137906416113,0.9265,0.9265,0.9590443686006824,0.8982528263103803,0.8624390243902439,0.9590443686006824,0.8982528263103803,0.8624390243902439,,,,,0.9144542772861356,0.9073170731707316,0.910871694417238,Yes,"xlnet-base-cased|SST-2, NER, SemEval_QA_B, Sentihood_QA_B|sequential"
xlnet-base-cased,Sentihood_QA_B,"SST-2, NER, SemEval_QA_B, Sentihood_QA_B",sequential,0.00545556437129733,0.17200047050242906,0.17200047050242906,0.9344262295081968,0.9391447368421052,,,,,,,,0.8569903948772679,0.9627617008120118,0.9743783552496582,0.9662522202486679,0.8918032786885246,0.927536231884058,Yes,"xlnet-base-cased|SST-2, NER, SemEval_QA_B, Sentihood_QA_B|sequential"
bert-base-uncased,SST-2,"SST-2, NER, SemEval_QA_B, Sentihood_QA_B",sequential,0.012302093306985085,0.2500896943467004,0.2500896943467004,0.9288990825688074,0.9288990825688074,,,,,,,,,,,,,,Yes,"bert-base-uncased|SST-2, NER, SemEval_QA_B, Sentihood_QA_B|sequential"
bert-base-uncased,NER,"SST-2, NER, SemEval_QA_B, Sentihood_QA_B",sequential,0.00976071293119548,0.2401126095881829,0.2401126095881829,0.6609230769230771,0.6629018245004344,,,,,,,,,,,,,,Yes,"bert-base-uncased|SST-2, NER, SemEval_QA_B, Sentihood_QA_B|sequential"
bert-base-uncased,SemEval_QA_B,"SST-2, NER, SemEval_QA_B, Sentihood_QA_B",sequential,0.007297710354718494,0.11545051613846308,0.11545051613846308,0.924,0.924,0.9567690557451648,0.8951695786228159,0.8565853658536585,0.9567690557451648,0.8951695786228159,0.8565853658536585,,,,,0.9133858267716536,0.9053658536585366,0.9093581577658012,Yes,"bert-base-uncased|SST-2, NER, SemEval_QA_B, Sentihood_QA_B|sequential"
bert-base-uncased,Sentihood_QA_B,"SST-2, NER, SemEval_QA_B, Sentihood_QA_B",sequential,0.004238223934070932,0.17054118592270906,0.17054118592270906,0.9278688524590164,0.935032894736842,,,,,,,,0.8431163287086446,0.9629727730561836,0.9749216224526012,0.9613970588235294,0.8573770491803279,0.9064124783362218,Yes,"bert-base-uncased|SST-2, NER, SemEval_QA_B, Sentihood_QA_B|sequential"
xlnet-base-cased,SST-2,"SST-2, NER, SemEval_QA_B, Sentihood_QA_B",random,0.018753956623756642,0.22139499655791686,0.22139499655791686,0.9461009174311926,0.9461009174311926,,,,,,,,,,,,,,Yes,"xlnet-base-cased|SST-2, NER, SemEval_QA_B, Sentihood_QA_B|random"
xlnet-base-cased,NER,"SST-2, NER, SemEval_QA_B, Sentihood_QA_B",random,0.015403149836140629,0.20511425343843606,0.20511425343843606,0.680923076923077,0.6956269910222994,,,,,,,,,,,,,,Yes,"xlnet-base-cased|SST-2, NER, SemEval_QA_B, Sentihood_QA_B|random"
xlnet-base-cased,SemEval_QA_B,"SST-2, NER, SemEval_QA_B, Sentihood_QA_B",random,0.012444442437868049,0.11471689101545865,0.11471689101545865,0.93025,0.93025,0.9567690557451648,0.9105858170606372,0.88,0.9567690557451648,0.9105858170606372,0.88,,,,,0.9201596806387226,0.8995121951219512,0.9097187962506168,Yes,"xlnet-base-cased|SST-2, NER, SemEval_QA_B, Sentihood_QA_B|random"
xlnet-base-cased,Sentihood_QA_B,"SST-2, NER, SemEval_QA_B, Sentihood_QA_B",random,0.005703979848980167,0.1796426214965653,0.1796426214965653,0.9295081967213116,0.9449013157894736,,,,,,,,0.8495197438633938,0.9704232483297984,0.9725672395940594,0.9554367201426024,0.8786885245901639,0.9154568744662682,Yes,"xlnet-base-cased|SST-2, NER, SemEval_QA_B, Sentihood_QA_B|random"
bert-base-uncased,SST-2,"SST-2, NER, SemEval_QA_B, Sentihood_QA_B",random,0.012073654507297166,0.27254725779805866,0.27254725779805866,0.9311926605504588,0.9311926605504588,,,,,,,,,,,,,,Yes,"bert-base-uncased|SST-2, NER, SemEval_QA_B, Sentihood_QA_B|random"
bert-base-uncased,NER,"SST-2, NER, SemEval_QA_B, Sentihood_QA_B",random,0.009562752297211905,0.2413681112229824,0.2413681112229824,0.6590769230769231,0.6617434115262091,,,,,,,,,,,,,,Yes,"bert-base-uncased|SST-2, NER, SemEval_QA_B, Sentihood_QA_B|random"
bert-base-uncased,SemEval_QA_B,"SST-2, NER, SemEval_QA_B, Sentihood_QA_B",random,0.007042324706059359,0.12008980528160836,0.12008980528160836,0.92725,0.92725,0.9590443686006824,0.9003083247687564,0.8702439024390244,0.9590443686006824,0.9003083247687564,0.8702439024390244,,,,,0.9210789210789212,0.8995121951219512,0.9101678183613028,Yes,"bert-base-uncased|SST-2, NER, SemEval_QA_B, Sentihood_QA_B|random"
bert-base-uncased,Sentihood_QA_B,"SST-2, NER, SemEval_QA_B, Sentihood_QA_B",random,0.004408440933988632,0.17322185145034874,0.17322185145034874,0.9459016393442624,0.9440789473684208,,,,,,,,0.8569903948772679,0.9708936692320576,0.9725511823443728,0.9715370018975332,0.8393442622950821,0.9006156552330695,Yes,"bert-base-uncased|SST-2, NER, SemEval_QA_B, Sentihood_QA_B|random"
xlnet-base-cased,SST-2,"SST-2, NER, SemEval_QA_B, Sentihood_QA_B",prop,0.017041629446640838,0.2347920898880277,0.2347920898880277,0.9392201834862384,0.9392201834862384,,,,,,,,,,,,,,Yes,"xlnet-base-cased|SST-2, NER, SemEval_QA_B, Sentihood_QA_B|prop"
xlnet-base-cased,NER,"SST-2, NER, SemEval_QA_B, Sentihood_QA_B",prop,0.015344155036243225,0.18880351890738195,0.18880351890738195,0.6658461538461539,0.6912829423689545,,,,,,,,,,,,,,Yes,"xlnet-base-cased|SST-2, NER, SemEval_QA_B, Sentihood_QA_B|prop"
xlnet-base-cased,SemEval_QA_B,"SST-2, NER, SemEval_QA_B, Sentihood_QA_B",prop,0.011811924036751732,0.1388677572342122,0.1388677572342122,0.9265,0.9265,0.9510807736063708,0.9013360739979444,0.8673170731707317,0.9510807736063708,0.9013360739979444,0.8673170731707317,,,,,0.9136047666335648,0.8975609756097561,0.905511811023622,Yes,"xlnet-base-cased|SST-2, NER, SemEval_QA_B, Sentihood_QA_B|prop"
xlnet-base-cased,Sentihood_QA_B,"SST-2, NER, SemEval_QA_B, Sentihood_QA_B",prop,0.004889308867719964,0.2045638958701272,0.2045638958701272,0.9262295081967212,0.9226973684210528,,,,,,,,0.8569903948772679,0.9580491850834528,0.9691702797203816,0.9620253164556962,0.8721311475409836,0.9148753224419603,Yes,"xlnet-base-cased|SST-2, NER, SemEval_QA_B, Sentihood_QA_B|prop"
bert-base-uncased,SST-2,"SST-2, NER, SemEval_QA_B, Sentihood_QA_B",prop,0.012612878065462471,0.2397197527544839,0.2397197527544839,0.9197247706422018,0.9197247706422018,,,,,,,,,,,,,,Yes,"bert-base-uncased|SST-2, NER, SemEval_QA_B, Sentihood_QA_B|prop"
bert-base-uncased,NER,"SST-2, NER, SemEval_QA_B, Sentihood_QA_B",prop,0.012263610150133492,0.21221902035176754,0.21221902035176754,0.6501538461538462,0.6660874601795539,,,,,,,,,,,,,,Yes,"bert-base-uncased|SST-2, NER, SemEval_QA_B, Sentihood_QA_B|prop"
bert-base-uncased,SemEval_QA_B,"SST-2, NER, SemEval_QA_B, Sentihood_QA_B",prop,0.0052304963887868285,0.14046205738915285,0.14046205738915285,0.9235,0.9235,0.9601820250284414,0.9023638232271326,0.8634146341463415,0.9601820250284414,0.9023638232271326,0.8634146341463415,,,,,0.9074074074074074,0.9082926829268292,0.9078498293515359,Yes,"bert-base-uncased|SST-2, NER, SemEval_QA_B, Sentihood_QA_B|prop"
bert-base-uncased,Sentihood_QA_B,"SST-2, NER, SemEval_QA_B, Sentihood_QA_B",prop,0.002164549282965755,0.2035207239096053,0.2035207239096053,0.9327868852459016,0.9251644736842104,,,,,,,,0.8612593383137673,0.9734466248531172,0.9723054812698272,0.9610389610389608,0.8491803278688524,0.9016536118363794,Yes,"bert-base-uncased|SST-2, NER, SemEval_QA_B, Sentihood_QA_B|prop"
xlnet-base-cased,SST-2,"SST-2, NER, SemEval_QA_B, Sentihood_QA_B",sqrt,0.018559353131183686,0.218927834715162,0.218927834715162,0.9403669724770642,0.9403669724770642,,,,,,,,,,,,,,Yes,"xlnet-base-cased|SST-2, NER, SemEval_QA_B, Sentihood_QA_B|sqrt"
xlnet-base-cased,NER,"SST-2, NER, SemEval_QA_B, Sentihood_QA_B",sqrt,0.01605213754809289,0.1925845745091255,0.1925845745091255,0.6713846153846154,0.6907037358818419,,,,,,,,,,,,,,Yes,"xlnet-base-cased|SST-2, NER, SemEval_QA_B, Sentihood_QA_B|sqrt"
xlnet-base-cased,SemEval_QA_B,"SST-2, NER, SemEval_QA_B, Sentihood_QA_B",sqrt,0.011817832192743715,0.13101357542227504,0.13101357542227504,0.92725,0.92725,0.9465301478953356,0.8961973278520041,0.8624390243902439,0.9465301478953356,0.8961973278520041,0.8624390243902439,,,,,0.9124877089478859,0.9053658536585366,0.9089128305582762,Yes,"xlnet-base-cased|SST-2, NER, SemEval_QA_B, Sentihood_QA_B|sqrt"
xlnet-base-cased,Sentihood_QA_B,"SST-2, NER, SemEval_QA_B, Sentihood_QA_B",sqrt,0.0055035584048628745,0.2007532665474256,0.2007532665474256,0.9295081967213116,0.9366776315789472,,,,,,,,0.8527214514407684,0.9604031307133962,0.971171093799066,0.9562171628721541,0.8950819672131147,0.9246401354784078,Yes,"xlnet-base-cased|SST-2, NER, SemEval_QA_B, Sentihood_QA_B|sqrt"
bert-base-uncased,SST-2,"SST-2, NER, SemEval_QA_B, Sentihood_QA_B",sqrt,0.012711465322600956,0.2494593794856753,0.2494593794856753,0.9162844036697247,0.9162844036697247,,,,,,,,,,,,,,Yes,"bert-base-uncased|SST-2, NER, SemEval_QA_B, Sentihood_QA_B|sqrt"
bert-base-uncased,NER,"SST-2, NER, SemEval_QA_B, Sentihood_QA_B",sqrt,0.011459812590134323,0.2258163832414609,0.2258163832414609,0.6535384615384615,0.6655082536924414,,,,,,,,,,,,,,Yes,"bert-base-uncased|SST-2, NER, SemEval_QA_B, Sentihood_QA_B|sqrt"
bert-base-uncased,SemEval_QA_B,"SST-2, NER, SemEval_QA_B, Sentihood_QA_B",sqrt,0.0065088159493496564,0.1283931958586998,0.1283931958586998,0.9245,0.9245,0.9556313993174058,0.8961973278520041,0.8604878048780488,0.9556313993174058,0.8961973278520041,0.8604878048780488,,,,,0.9214501510574018,0.8926829268292683,0.9068384539147673,Yes,"bert-base-uncased|SST-2, NER, SemEval_QA_B, Sentihood_QA_B|sqrt"
bert-base-uncased,Sentihood_QA_B,"SST-2, NER, SemEval_QA_B, Sentihood_QA_B",sqrt,0.0035902881981440134,0.17256764927878976,0.17256764927878976,0.9360655737704918,0.9309210526315792,,,,,,,,0.8591248665955176,0.9681417947295128,0.9741062557125898,0.9650735294117648,0.860655737704918,0.9098786828422876,Yes,"bert-base-uncased|SST-2, NER, SemEval_QA_B, Sentihood_QA_B|sqrt"
xlnet-base-cased,SST-2,"SST-2, NER, SemEval_QA_B, Sentihood_QA_B",square,0.014980328540819024,0.20775095054081508,0.20775095054081508,0.93348623853211,0.93348623853211,,,,,,,,,,,,,,Yes,"xlnet-base-cased|SST-2, NER, SemEval_QA_B, Sentihood_QA_B|square"
xlnet-base-cased,NER,"SST-2, NER, SemEval_QA_B, Sentihood_QA_B",square,0.01267004043954767,0.18482652478493175,0.18482652478493175,0.6516923076923077,0.6739067477555749,,,,,,,,,,,,,,Yes,"xlnet-base-cased|SST-2, NER, SemEval_QA_B, Sentihood_QA_B|square"
xlnet-base-cased,SemEval_QA_B,"SST-2, NER, SemEval_QA_B, Sentihood_QA_B",square,0.008860719628224739,0.16442646168374048,0.16442646168374048,0.9245,0.9245,0.9465301478953356,0.8879753340184995,0.8546341463414634,0.9465301478953356,0.8879753340184995,0.8546341463414634,,,,,0.9116781157998036,0.9063414634146342,0.9090019569471623,Yes,"xlnet-base-cased|SST-2, NER, SemEval_QA_B, Sentihood_QA_B|square"
xlnet-base-cased,Sentihood_QA_B,"SST-2, NER, SemEval_QA_B, Sentihood_QA_B",square,0.0039479632288530065,0.2279283456208015,0.2279283456208015,0.9426229508196722,0.9407894736842104,,,,,,,,0.8537886872998933,0.9660303242132068,0.9710188515691642,0.953900709219858,0.8819672131147541,0.9165247018739354,Yes,"xlnet-base-cased|SST-2, NER, SemEval_QA_B, Sentihood_QA_B|square"
bert-base-uncased,SST-2,"SST-2, NER, SemEval_QA_B, Sentihood_QA_B",square,0.011673148944822735,0.2238861322402954,0.2238861322402954,0.9185779816513762,0.9185779816513762,,,,,,,,,,,,,,Yes,"bert-base-uncased|SST-2, NER, SemEval_QA_B, Sentihood_QA_B|square"
bert-base-uncased,NER,"SST-2, NER, SemEval_QA_B, Sentihood_QA_B",square,0.01210619765411092,0.2054513056690876,0.2054513056690876,0.6353846153846154,0.6455256298870548,,,,,,,,,,,,,,Yes,"bert-base-uncased|SST-2, NER, SemEval_QA_B, Sentihood_QA_B|square"
bert-base-uncased,SemEval_QA_B,"SST-2, NER, SemEval_QA_B, Sentihood_QA_B",square,0.0043679039532197135,0.15514431903465015,0.15514431903465015,0.92575,0.92575,0.9510807736063708,0.8910585817060637,0.8585365853658536,0.9510807736063708,0.8910585817060637,0.8585365853658536,,,,,0.9194029850746268,0.9014634146341464,0.9103448275862068,Yes,"bert-base-uncased|SST-2, NER, SemEval_QA_B, Sentihood_QA_B|square"
bert-base-uncased,Sentihood_QA_B,"SST-2, NER, SemEval_QA_B, Sentihood_QA_B",square,0.0019520728762463305,0.22500446290095247,0.22500446290095247,0.9147540983606556,0.9342105263157896,,,,,,,,0.8495197438633938,0.9567312036038644,0.9729575984845488,0.9600725952813068,0.8672131147540983,0.9112833763996556,Yes,"bert-base-uncased|SST-2, NER, SemEval_QA_B, Sentihood_QA_B|square"
xlnet-base-cased,SST-2,"SST-2, NER, SemEval_QA_B, Sentihood_QA_B",anneal,0.02234673918618128,0.2291685811110905,0.2291685811110905,0.93348623853211,0.93348623853211,,,,,,,,,,,,,,Yes,"xlnet-base-cased|SST-2, NER, SemEval_QA_B, Sentihood_QA_B|anneal"
xlnet-base-cased,NER,"SST-2, NER, SemEval_QA_B, Sentihood_QA_B",anneal,0.01845923719963429,0.18897309985298374,0.18897309985298374,0.6716923076923077,0.6909933391253982,,,,,,,,,,,,,,Yes,"xlnet-base-cased|SST-2, NER, SemEval_QA_B, Sentihood_QA_B|anneal"
xlnet-base-cased,SemEval_QA_B,"SST-2, NER, SemEval_QA_B, Sentihood_QA_B",anneal,0.010813409979738415,0.13119497661223742,0.13119497661223742,0.9225,0.9225,0.9488054607508531,0.8961973278520041,0.8614634146341463,0.9488054607508531,0.8961973278520041,0.8614634146341463,,,,,0.9016553067185978,0.9034146341463416,0.9025341130604289,Yes,"xlnet-base-cased|SST-2, NER, SemEval_QA_B, Sentihood_QA_B|anneal"
xlnet-base-cased,Sentihood_QA_B,"SST-2, NER, SemEval_QA_B, Sentihood_QA_B",anneal,0.005171238790376809,0.1991952243896032,0.1991952243896032,0.918032786885246,0.9342105263157896,,,,,,,,0.8505869797225186,0.9601496676375251,0.9668720881403112,0.9585585585585584,0.8721311475409836,0.9133047210300428,Yes,"xlnet-base-cased|SST-2, NER, SemEval_QA_B, Sentihood_QA_B|anneal"
bert-base-uncased,SST-2,"SST-2, NER, SemEval_QA_B, Sentihood_QA_B",anneal,0.015931506014266125,0.258354338152068,0.258354338152068,0.9197247706422018,0.9197247706422018,,,,,,,,,,,,,,Yes,"bert-base-uncased|SST-2, NER, SemEval_QA_B, Sentihood_QA_B|anneal"
bert-base-uncased,NER,"SST-2, NER, SemEval_QA_B, Sentihood_QA_B",anneal,0.014465231760186466,0.21570672581975275,0.21570672581975275,0.6510769230769231,0.6617434115262091,,,,,,,,,,,,,,Yes,"bert-base-uncased|SST-2, NER, SemEval_QA_B, Sentihood_QA_B|anneal"
bert-base-uncased,SemEval_QA_B,"SST-2, NER, SemEval_QA_B, Sentihood_QA_B",anneal,0.0050883475120037285,0.13650384702227392,0.13650384702227392,0.93,0.93,0.9522184300341296,0.8961973278520041,0.8575609756097561,0.9522184300341296,0.8961973278520041,0.8575609756097561,,,,,0.920666013712047,0.9170731707317074,0.9188660801564028,Yes,"bert-base-uncased|SST-2, NER, SemEval_QA_B, Sentihood_QA_B|anneal"
bert-base-uncased,Sentihood_QA_B,"SST-2, NER, SemEval_QA_B, Sentihood_QA_B",anneal,0.002333474960986753,0.2025171679296446,0.2025171679296446,0.9229508196721312,0.9268092105263158,,,,,,,,0.8537886872998933,0.9588310324419348,0.9739391986754488,0.9661016949152542,0.8409836065573771,0.8992112182296232,Yes,"bert-base-uncased|SST-2, NER, SemEval_QA_B, Sentihood_QA_B|anneal"
